id_rh,anio,vmae,vaeas,dma,p,prec,Nombre_rh,Area_Km2,PrecipitacionNormal,EscurrimientoNaturalMedioSuperficial,ImportacionesExportacionesOtrosPaises,EscurrimientoNaturalMedioSuperficialTotal,No_Cuencas
1,2005,358.968,257.605,210.85399999999998,211.2217733657159,138.6986,NA,NA,NA,NA,0,NA,NA
1,2006,358.968,257.605,210.85399999999998,211.2217733657159,80.7987,B.C. Noroeste,28492,203.5933402,359,0,359,0
1,2007,358.968,257.605,210.85399999999998,211.2217733657159,183.5315,B.C. Noroeste,28492,249.4041454,359,0,359,16
1,2008,358.968,257.605,210.85399999999998,211.2217733657159,274.2731,B.C. Noroeste,28492,248.84919378,359,0,359,16
1,2009,358.96799999999996,257.605,210.85399999999998,211.22177336571585,181.9225,B.C. Noroeste,28492,249,359,0,359,16
1,2010,358.968,257.605,210.85399999999998,211.2217733657159,194.5297,B.C. Noroeste,28492,249,358.968,0,358.968,16
1,2011,358.968,262.74275,210.85399999999998,206.63599189929994,163.222617,B.C. Noroeste,28492,208.98,359,0,359,16
1,2012,358.968,262.74275,210.85399999999998,206.63599189929994,158.251593,B.C. Noroeste,28492,208.98,359,0,359,16
1,2013,336.71999999999997,265.109,182.928,182.7583585484547,342.22,B.C. Noroeste,28492,208.98,359,0,359,16
1,2014,336.71999999999997,265.109,182.928,182.7583585484547,131.8,B.C. Noroeste,28492,208.98,336.7,0,336.7,16
1,2015,336.71999999999997,265.109,182.928,182.7583585484547,176,B.C. Noroeste,28492,208.98,336.7,0,336.7,16
1,2016,352.677,265.73900000000003,197.373,197.80704785916134,201.98,B.C. Noroeste,28492,209,352.67577768098,0,352.67577768098,16
1,2017,352.677,265.73900000000003,197.373,197.80704785916134,122.2,B.C. Noroeste,28492,209,352.67577768098,0,352.67577768098,16
1,2018,352.677,265.73900000000003,197.373,197.80704785916134,120.79,B.C. Noroeste,28492,208.98,352.67577768098,0,352.67577768098,16
1,2019,352.677,265.73900000000003,197.373,197.80704785916134,98.1526435921229,B.C. Noroeste,28492,209,352.67577768098,0,352.67577768098,16
1,2020,358.888,264.21,200.246,205.24810892509643,97.5038123732687,NA,NA,NA,NA,0,NA,NA
1,2021,354.89248065036554,264.21,NA,201.33922402514636,97.5068092858665,NA,NA,NA,NA,0,NA,NA
1,2022,354.5355442631681,264.21,NA,200.9900270542228,97.506795217691,NA,NA,NA,NA,0,NA,NA
1,2023,354.64435029644824,264.21,NA,201.09647385707737,97.5067952837252,NA,NA,NA,NA,0,NA,NA
2,2005,448.96999999999997,4.178,399.89500000000004,399.8950042918213,138.6986,NA,NA,NA,NA,0,NA,NA
2,2006,448.96999999999997,4.178,399.89500000000004,399.8950042918213,80.7987,B.C. Centro-Oeste,44314,186.1430216,449,0,449,0
2,2007,448.96999999999997,4.178,399.89500000000004,399.8950042918213,183.5315,B.C. Centro-Oeste,44314,100.8626234,449,0,449,16
2,2008,448.97,4.178,399.89500000000004,399.89500429182135,274.2731,B.C. Centro-Oeste,44314,102.50377214,449,0,449,16
2,2009,448.96999999999997,4.178,399.89500000000004,399.8950042918213,181.9225,B.C. Centro-Oeste,44314,103,449,0,449,16
2,2010,448.96999999999997,4.178,399.89500000000004,399.8950042918213,194.5297,B.C. Centro-Oeste,44314,103,448.97,0,448.97,16
2,2011,250.959,4.281583333333333,221.589,221.58476870032496,163.222617,B.C. Centro-Oeste,44314,116.44,251,0,251,16
2,2012,250.95899999999997,4.281583333333333,221.589,221.58476870032493,158.251593,B.C. Centro-Oeste,44314,116.44,251,0,251,16
2,2013,250.959,4.275,221.589,221.5915943261932,342.22,B.C. Centro-Oeste,44314,116.44,250.96,0,250.96,16
2,2014,250.959,4.275,221.589,221.5915943261932,131.8,B.C. Centro-Oeste,44314,116.44,251,0,251,16
2,2015,250.95899999999997,4.275,221.589,221.59159432619316,176,B.C. Centro-Oeste,44314,116.44,251,0,251,16
2,2016,243.055,4.36,214.39000000000001,214.39014780665642,201.98,B.C. Centro-Oeste,44314,116,243.056706876721,0,243.056706876721,16
2,2017,243.055,4.36,214.39000000000001,214.39014780665642,122.2,B.C. Centro-Oeste,44314,116,243.056706876721,0,243.056706876721,16
2,2018,243.055,4.36,214.39000000000001,214.39014780665642,120.79,B.C. Centro-Oeste,44314,116.44,243.056706876721,0,243.056706876721,16
2,2019,243.055,4.36,214.39000000000001,214.39014780665642,98.1526435921229,B.C. Centro-Oeste,44314,116,243.056706876721,0,243.056706876721,16
2,2020,244.16000000000003,4.402,215.341,215.34106264322082,97.5038123732687,NA,NA,NA,NA,0,NA,NA
2,2021,219.54820775782008,4.402,NA,193.19132715042252,97.5068092858665,NA,NA,NA,NA,0,NA,NA
2,2022,212.62286794265748,4.402,NA,186.95876823743498,97.506795217691,NA,NA,NA,NA,0,NA,NA
2,2023,208.77185918636323,4.402,NA,183.49299766319044,97.5067952837252,NA,NA,NA,NA,0,NA,NA
3,2005,252.85099999999997,9.052,218.778,219.03614600292835,163.1338,NA,NA,NA,NA,0,NA,NA
3,2006,252.851,9.052,218.778,219.03614600292838,362.0872,B.C. Suroeste,29722,176.0460465,318.4,0,318.4,0
3,2007,252.851,9.052,218.778,219.03614600292838,189.8182,B.C. Suroeste,29722,184.6763222,318.4,0,318.4,15
3,2008,252.85099999999997,9.052,218.778,219.03614600292835,234.6522,B.C. Suroeste,29722,184.23935806,318.4,0,318.4,15
3,2009,252.85099999999997,9.052,218.778,219.03614600292835,295.2546,B.C. Suroeste,29722,184,318.4,0,318.4,15
3,2010,252.85099999999997,9.052,218.778,219.03614600292835,125.9233,B.C. Suroeste,29722,184,318.378,0,318.378,15
3,2011,287.094,13.26775,246.916,246.56298309577951,97.653818,B.C. Suroeste,29722,200.13,362,0,362,15
3,2012,287.094,13.26775,246.916,246.56298309577951,353.170237,B.C. Suroeste,29722,200.13,361.6,0,361.6,15
3,2013,287.094,13.780000000000001,246.916,245.7962303240872,201.12,B.C. Suroeste,29722,200.13,361.56,0,361.56,15
3,2014,287.094,13.780000000000001,246.916,245.7962303240872,416.3,B.C. Suroeste,29722,200.13,361.6,0,361.6,15
3,2015,287.094,13.780000000000001,246.916,245.7962303240872,332.8,B.C. Suroeste,29722,200.13,361.6,0,361.6,15
3,2016,288.932,16.263,243.776,243.89580750316028,232.53,B.C. Suroeste,29722,200,356.070204710457,0,356.070204710457,15
3,2017,288.932,16.263,243.776,243.89580750316028,247,B.C. Suroeste,29722,200,356.070204710457,0,356.070204710457,15
3,2018,288.932,16.263,243.776,243.89580750316028,298.63,B.C. Suroeste,29722,200.13,356.070204710457,0,356.070204710457,15
3,2019,288.932,16.263,243.776,243.89580750316028,189.369113111723,B.C. Suroeste,29722,200,356.070204710457,0,356.070204710457,15
3,2020,312.696,16.613,264.817,266.8542368059687,181.350594924653,NA,NA,NA,NA,0,NA,NA
3,2021,299.21398167250425,16.613,NA,253.53202334312746,183.26252625913,NA,NA,NA,NA,0,NA,NA
3,2022,298.6471232878046,16.613,NA,252.97188403603505,182.570716092675,NA,NA,NA,NA,0,NA,NA
3,2023,298.8470104999709,16.613,NA,253.16940194798897,182.805774057683,NA,NA,NA,NA,0,NA,NA
4,2005,105.149,0.357,94.276,94.27901093475639,134.0426,NA,NA,NA,NA,0,NA,NA
4,2006,105.149,0.357,94.276,94.27901093475639,74.025575,B.C. Noreste,14418,203.5933402,105.1,0,105.1,0
4,2007,105.149,0.357,94.276,94.27901093475639,146.9458,B.C. Noreste,14418,180.7413333,105.1,0,105.1,8
4,2008,105.149,0.357,94.276,94.27901093475639,239.9843,B.C. Noreste,14418,190.35057505,105.1,0,105.1,8
4,2009,105.149,0.357,94.276,94.27901093475639,160.73895,B.C. Noreste,14418,190,105.1,0,105.1,8
4,2010,105.149,0.357,94.276,94.27901093475639,183.1712,B.C. Noreste,14418,190,105.149,0,105.149,8
4,2011,121.862,0.31908333333333333,109.395,109.36360642685769,158.20505475000002,B.C. Noreste,14418,150.63,122,0,122,8
4,2012,121.862,0.31908333333333333,109.395,109.36360642685769,144.881281,B.C. Noreste,14418,150.63,121.9,0,121.9,8
4,2013,121.862,0.28,109.395,109.3985103640968,254.24,B.C. Noreste,14418,150.63,121.86,0,121.86,8
4,2014,121.862,0.28,109.395,109.3985103640968,118.75,B.C. Noreste,14418,150.63,121.9,0,121.9,8
4,2015,121.862,0.28,109.395,109.3985103640968,144.05,B.C. Noreste,14418,150.63,121.9,0,121.9,8
4,2016,122.27,0.313,109.732,109.73645976197457,190.07999999999998,B.C. Noreste,14418,151,122.271235789017,0,122.271235789017,8
4,2017,122.26999999999998,0.313,109.732,109.73645976197456,117.375,B.C. Noreste,14418,151,122.271235789017,0,122.271235789017,8
4,2018,122.27000000000001,0.313,109.732,109.73645976197459,117.9675,B.C. Noreste,14418,150.63,122.271235789017,0,122.271235789017,8
4,2019,122.27,0.313,109.732,109.73645976197457,89.84436756596925,B.C. Noreste,14418,151,122.271235789017,0,122.271235789017,8
4,2020,139.882,0.309,125.584,125.60035139755647,89.01478169397087,NA,NA,NA,NA,0,NA,NA
4,2021,130.31728849858217,0.309,NA,116.98694126996087,89.01151465421353,NA,NA,NA,NA,0,NA,NA
4,2022,130.24321592092065,0.309,NA,116.92023591345196,89.01140808766846,NA,NA,NA,NA,0,NA,NA
4,2023,130.2656927051061,0.309,NA,116.94047716803763,89.01140646319632,NA,NA,NA,NA,0,NA,NA
5,2005,53.454,1.535,46.576,46.57396849391794,123.7305,NA,NA,NA,NA,0,NA,NA
5,2006,53.454,1.535,46.576,46.57396849391794,186.6912,B.C. Centro-Este,13626,192.5375147,53.5,0,53.5,0
5,2007,53.454,1.535,46.576,46.57396849391794,258.18225,B.C. Centro-Este,13626,100.4775667,53.5,0,53.5,15
5,2008,53.454,1.535,46.576,46.57396849391794,255.5963,B.C. Centro-Este,13626,101.33253262,53.5,0,53.5,15
5,2009,53.454,1.535,46.576,46.57396849391794,253.97655,B.C. Centro-Este,13626,101,53.5,0,53.5,15
5,2010,53.454,1.535,46.576,46.57396849391794,99.59355,B.C. Centro-Este,13626,101,53.454,0,53.454,15
5,2011,100.924,1.8704166666666666,88.774,88.85482636609275,80.80977100000001,B.C. Centro-Este,13626,131.82,101,0,101,15
5,2012,100.92399999999999,1.8704166666666666,88.774,88.85482636609274,149.8594515,B.C. Centro-Este,13626,131.82,100.9,0,100.9,15
5,2013,100.92399999999999,2.059,88.774,88.74848086678416,180.78,B.C. Centro-Este,13626,131.82,100.93,0,100.93,15
5,2014,100.92399999999999,2.059,88.774,88.74848086678416,194.1,B.C. Centro-Este,13626,131.82,100.9,0,100.9,15
5,2015,100.92399999999999,2.059,88.774,88.74848086678416,277.3,B.C. Centro-Este,13626,131.82,100.9,0,100.9,15
5,2016,95.20199999999998,2.066,83.613,83.62522924285528,170.83999999999997,B.C. Centro-Este,13626,132,95.201549464597,0,95.201549464597,15
5,2017,95.202,2.066,83.613,83.6252292428553,139.5,B.C. Centro-Este,13626,132,95.201549464597,0,95.201549464597,15
5,2018,95.202,2.066,83.613,83.6252292428553,100.505,B.C. Centro-Este,13626,131.82,95.201549464598,0,95.201549464598,15
5,2019,95.202,2.066,83.613,83.6252292428553,65.52795550978504,B.C. Centro-Este,13626,132,95.201549464598,0,95.201549464598,15
5,2020,103.376,1.864,91.174,91.0521767325336,59.0900070320978,NA,NA,NA,NA,0,NA,NA
5,2021,74.56783152700028,1.864,NA,65.27836026313767,53.726308856903714,NA,NA,NA,NA,0,NA,NA
5,2022,67.11036249758877,1.864,NA,58.60638324139809,51.361342973099774,NA,NA,NA,NA,0,NA,NA
5,2023,62.97215742278302,1.864,NA,54.90405352853453,50.04624469569508,NA,NA,NA,NA,0,NA,NA
6,2005,209.358,12.942,175.48000000000002,175.54074195575015,163.1338,NA,NA,NA,NA,0,NA,NA
6,2006,209.35799999999998,12.942,175.48000000000002,175.54074195575012,362.0872,B.C. Sureste,11558,176.0460465,218.5,0,218.5,0
6,2007,209.35799999999998,12.942,175.48000000000002,175.54074195575012,230.4246,B.C. Sureste,11558,284.6794797,218.5,0,218.5,14
6,2008,209.35799999999998,12.942,175.48000000000002,175.54074195575012,234.6522,B.C. Sureste,11558,274.08008232,218.5,0,218.5,14
6,2009,209.358,12.942,175.48000000000002,175.54074195575015,258.69635,B.C. Sureste,11558,274,218.5,0,218.5,14
6,2010,209.35799999999998,12.942,175.48000000000002,175.54074195575012,125.9233,B.C. Sureste,11558,274,218.503,0,218.503,14
6,2011,209.35799999999998,13.882249999999999,175.48000000000002,175.243933750422,83.465078,B.C. Sureste,11558,290.66,219,0,219,14
6,2012,209.358,13.882249999999999,175.48000000000002,175.24393375042203,353.170237,B.C. Sureste,11558,290.66,218.5,0,218.5,14
6,2013,188.746,13.869,156.002,155.93570924843317,218.315,B.C. Sureste,11558,290.66,218.5,0,218.5,14
6,2014,188.746,13.869,156.002,155.93570924843317,416.3,B.C. Sureste,11558,290.66,199.5,0,199.5,14
6,2015,188.746,13.869,156.002,155.93570924843317,317.9,B.C. Sureste,11558,290.66,199.5,0,199.5,14
6,2016,175.478,14.597,143.331,143.2744533259793,226.19,B.C. Sureste,11558,291,185.736699908789,0,185.736699908789,14
6,2017,175.478,14.597,143.331,143.2744533259793,247,B.C. Sureste,11558,291,185.736699908789,0,185.736699908789,14
6,2018,175.478,14.597,143.331,143.2744533259793,298.63,B.C. Sureste,11558,290.66,185.736699908789,0,185.736699908789,14
6,2019,175.478,14.597,143.331,143.2744533259793,189.369113111723,B.C. Sureste,11558,291,185.736699908789,0,185.736699908789,14
6,2020,187.279,14.824,153.727,154.25973971543894,181.350594924653,NA,NA,NA,NA,0,NA,NA
6,2021,174.07299263235538,14.824,NA,141.8863751344343,183.26252625913,NA,NA,NA,NA,0,NA,NA
6,2022,171.1677589604024,14.824,NA,139.16431733033536,182.570716092675,NA,NA,NA,NA,0,NA,NA
6,2023,170.43870408454234,14.824,NA,138.4812295864441,182.805774057683,NA,NA,NA,NA,0,NA,NA
7,2005,79.95,1805.801,116.39,57.63706865434756,99.5515,NA,NA,NA,NA,0,NA,NA
7,2006,79.95,1805.801,116.39,131.33887187926513,40.64445,Río Colorado,6911,250.8298837,13,1850,1863,0
7,2007,79.95,1805.801,116.39,131.33887187926513,121.08135000000001,Río Colorado,6911,100.2810022,13.4,1850,1863.4,1
7,2008,79.95,1805.801,116.39,131.33887187926513,183.65879999999999,Río Colorado,6911,106.78361532,13.4,1850,1863.4,1
7,2009,79.95,1805.801,116.39,131.33887187926513,136.50895,Río Colorado,6911,107,13.4,1850,1863.6,1
7,2010,79.95,1805.801,116.39,131.33887187926513,149.14695,Río Colorado,6911,107,79.95,1850,1930.15,4
7,2011,78.096,1755.128888888889,191.15699999999998,166.1112630190865,135.384025,Río Colorado,6911,98.39,78,1850,1928,4
7,2012,78.096,1755.128888888889,191.15699999999998,166.1112630190865,104.1357035,Río Colorado,6911,98.39,78.1,1850,1928.3,4
7,2013,78.096,1729.365,191.155,183.6087434834381,152.315,Río Colorado,6911,98.39,77.9,1850,1928.1,4
7,2014,78.096,1729.365,191.155,183.6087434834381,83,Río Colorado,6911,98.39,77.9,1850,1928.1,4
7,2015,78.096,1729.365,191.155,183.6087434834381,75.44999999999999,Río Colorado,6911,98.39,77.9,1850,1928.1,4
7,2016,71.755,1729.706,185.107,184.60347102879592,145.28,Río Colorado,6911,98,71.754718280881,1850,1921.95471828088,4
7,2017,71.755,1729.706,185.107,184.60347102879592,102.80000000000001,Río Colorado,6911,98,71.754718280881,1850,1921.95471828088,4
7,2018,71.755,1729.706,185.107,184.60347102879592,110.125,Río Colorado,6911,98.39,71.754718280882,1850,1921.95471828088,4
7,2019,71.755,1729.706,185.107,184.60347102879592,78.2103394056018,Río Colorado,6911,98,71.754718280882,1850,1921.95471828088,4
7,2020,77.374,1730.538,50.497,109.24993134565148,79.01287807444055,NA,NA,NA,NA,0,NA,NA
7,2021,77.69051810085656,1730.538,NA,109.18871837024676,81.92091821429679,NA,NA,NA,NA,0,NA,NA
7,2022,80.90039367969196,1730.538,NA,108.5679449158149,85.3055777737874,NA,NA,NA,NA,0,NA,NA
7,2023,84.40651833808805,1730.538,NA,107.8898784106168,89.00261775254936,NA,NA,NA,NA,0,NA,NA
8,2005,176.225,52.874,0,0,290.2814,NA,NA,NA,NA,0,NA,NA
8,2006,176.225,52.874,0,0,271.4897,Sonora Norte,61429,428.8245236,139,0,139,0
8,2007,176.225,52.874,0,0,509.2741,Sonora Norte,61429,301.150639,139,0,139,5
8,2008,176.225,52.874,0,0,236.7617,Sonora Norte,61429,303.81974959,139,0,139,5
8,2009,176.225,52.874,0,0,164.4005,Sonora Norte,61429,304,139,0,139,5
8,2010,176.225,52.874,0,0,314.7749,Sonora Norte,61429,304,138.99,0,138.99,5
8,2011,176.22500000000002,58.119,0,0,255.591499,Sonora Norte,61429,297.05,139,0,139,5
8,2012,177.4703076923077,58.119,0,0,345.931004,Sonora Norte,61429,297.05,132.2,0,132.2,5
8,2013,169.385,52.874,0,0,269.2,Sonora Norte,61429,297.05,139,0,139,5
8,2014,169.385,52.874,0,0,431.1,Sonora Norte,61429,297.05,132.2,0,132.2,5
8,2015,169.385,52.874,0,0,428.7,Sonora Norte,61429,297.05,132.2,0,132.2,5
8,2016,180.305,65.637,0,0,308.35,Sonora Norte,61429,297,180.305470615999,0,180.305470615999,9
8,2017,180.305,65.637,0,0,364.3,Sonora Norte,61429,297,180.305470615999,0,180.305470615999,9
8,2018,180.30499999999998,65.637,0,0,483.49,Sonora Norte,61429,297.05,180.305470615999,0,180.305470615999,9
8,2019,180.305,65.637,0,0,263.745012200573,Sonora Norte,61429,297,180.305470615999,0,180.305470615999,9
8,2020,211.316,64.762,0,0,232.308876147855,NA,NA,NA,NA,0,NA,NA
8,2021,199.16724753521675,64.762,NA,0,253.72866959051,NA,NA,NA,NA,0,NA,NA
8,2022,201.11872407109462,64.762,NA,0,259.478106238666,NA,NA,NA,NA,0,NA,NA
8,2023,197.71973475138262,64.762,NA,0,253.234495974922,NA,NA,NA,NA,0,NA,NA
9,2005,4934.46,8246.85,558.21,531.6289550950905,428.0939,NA,NA,NA,NA,0,NA,NA
9,2006,4934.46,8246.85,558.21,531.6289550950905,464.1352,Sonora Sur,139370,427.6704352,4934.5,0,4934.5,0
9,2007,4934.46,8246.85,558.21,531.6289550950905,609.081525,Sonora Sur,139370,507.1653098,4934.5,0,4934.5,16
9,2008,4934.46,8246.85,558.21,531.6289550950905,428.51355,Sonora Sur,139370,504.48723775,4934.5,0,4934.5,16
9,2009,4934.46,8246.85,558.21,531.6289550950905,464.53475000000003,Sonora Sur,139370,505,4934.5,0,4934.5,16
9,2010,4934.46,8246.85,558.21,531.6289550950905,421.66157499999997,Sonora Sur,139370,505,4934.460000000001,0,4934.460000000001,16
9,2011,4934.460000000001,8849.536166666667,558.21,612.755501673596,411.36588674999996,Sonora Sur,139370,482.69,4935,0,4935,16
9,2012,4934.46,8849.536166666667,558.21,612.7555016735942,356.28654474999996,Sonora Sur,139370,482.69,4934.5,0,4934.5,16
9,2013,4934.288,8582.925000000001,553.1122727272727,576.5091317390727,428.23,Sonora Sur,139370,482.69,4934.5,0,4934.5,16
9,2014,4934.288,8582.925000000001,553.1122727272727,576.5091317390727,418.79999999999995,Sonora Sur,139370,482.69,4934.3,0,4934.3,16
9,2015,4934.288,8582.925000000001,553.1122727272727,576.5091317390727,612.4,Sonora Sur,139370,482.69,4934.3,0,4934.3,16
9,2016,4828.255999999999,9660.351,523.794,500.6600697316651,421.3475,Sonora Sur,139370,483,4828.25487543957,0,4828.25487543957,16
9,2017,4828.256,9660.351,523.794,500.6600697316669,394.35,Sonora Sur,139370,483,4828.25487543957,0,4828.25487543957,16
9,2018,4828.255999999999,9660.351,523.794,500.6600697316651,542.3025,Sonora Sur,139370,482.69,4828.25487543957,0,4828.25487543957,16
9,2019,4828.256,9660.351,523.794,500.6600697316669,342.00312314482403,Sonora Sur,139370,483,4828.25487543957,0,4828.25487543957,16
9,2020,4799.52,8816.855,254.517,327.25741012022513,332.3514445839835,NA,NA,NA,NA,0,NA,NA
9,2021,4868.043513752119,8816.855,NA,470.0014949543827,341.511934010398,NA,NA,NA,NA,0,NA,NA
9,2022,4884.458075840634,8816.855,NA,504.1953287930053,344.50946128285045,NA,NA,NA,NA,0,NA,NA
9,2023,4914.008280799597,8816.855,NA,565.7525480971406,342.46769509095026,NA,NA,NA,NA,0,NA,NA
10,2005,15004.699,20802.715,6595.882,6598.346591135811,672.28525,NA,NA,NA,NA,0,NA,NA
10,2006,15004.699,20802.715,6595.882,6598.346591135811,841.24445,Sinaloa,103483,617.4299928,14408,0,14408,11
10,2007,15004.699,20802.715,6595.882,6598.346591135811,686.8236,Sinaloa,103483,715.8869657,14408,0,14408,19
10,2008,15004.698999999999,20802.715,6595.882,6598.3465911358035,741.4807,Sinaloa,103483,713.07884849,14408,0,14408,21
10,2009,15004.699,20802.715,6595.882,6598.346591135811,626.8162,Sinaloa,103483,713,14408,0,14408,21
10,2010,14787.689999999999,20506.995,5901.872,5737.173142928115,568.6229,Sinaloa,103483,713,14350.419000000002,0,14350.419000000002,23
10,2011,14779.297999999999,21012.194274087025,5891.188,5813.936991696615,569.7356199999999,Sinaloa,103483,747.42,14350,0,14350,23
10,2012,14779.297999999999,21012.194274087025,5891.188,5813.936991696615,682.974939,Sinaloa,103483,747.42,14350.4,0,14350.4,23
10,2013,14756.070999999998,21554.541,5672.686,5844.050915464055,760.0550000000001,Sinaloa,103483,747.42,14350.4,0,14350.4,23
10,2014,14756.071,21554.541,5672.686,5844.050915464062,757.1,Sinaloa,103483,747.42,14318.8,0,14318.8,23
10,2015,14756.070999999998,21554.541,5672.686,5844.050915464055,927.8,Sinaloa,103483,747.42,14318.8,0,14318.8,23
10,2016,14695.811,21303.069,5653.341,5568.836283587251,626.91,Sinaloa,103483,747,14695.8096071953,0,14695.8096071953,30
10,2017,14695.811,21303.069,5653.341,5568.836283587251,569.7,Sinaloa,103483,747,14695.8096071953,0,14695.8096071953,30
10,2018,14695.811,21303.069,5653.341,5568.836283587251,813.25,Sinaloa,103483,747.42,14695.8096071953,0,14695.8096071953,30
10,2019,14695.811,21303.069,5653.341,5568.836283587251,587.302585080093,Sinaloa,103483,747,14695.8096071953,0,14695.8096071953,30
10,2020,14644.172,19015.889,4760.831,4891.633037258587,580.603686053436,NA,NA,NA,NA,0,NA,NA
10,2021,14610.082519454163,19015.889,NA,4766.24993034482,580.595312479224,NA,NA,NA,NA,0,NA,NA
10,2022,14663.38810638367,19015.889,NA,4962.31100250157,580.595301769604,NA,NA,NA,NA,0,NA,NA
10,2023,14704.105409632657,19015.889,NA,5112.071629673446,580.595301755912,NA,NA,NA,NA,0,NA,NA
11,2005,8872.265,609.874,15467.787,15476.298803130572,768.6622,NA,NA,NA,NA,0,NA,NA
11,2006,8872.265,609.874,15467.787,15476.298803130572,926.4712,Presidio-San Pedro,51717,653.8875703,8078.5,0,8078.5,0
11,2007,8872.265000000001,609.874,15467.787,15476.298803130569,646.9104,Presidio-San Pedro,51717,815.20133,7955.5,0,7955.5,4
11,2008,8872.265,609.874,15467.787,15476.298803130572,782.8042,Presidio-San Pedro,51717,818.44143125,7955.5,0,7955.5,19
11,2009,8872.265,609.874,15467.787,15476.298803130572,628.2993,Presidio-San Pedro,51717,818,7955.5,0,7955.5,19
11,2010,8872.265000000001,609.874,15467.787,15476.298803130569,633.5866,Presidio-San Pedro,51717,818,8299.223,0,8299.223,23
11,2011,8872.265,2673.8433686868684,15467.787,12934.736931286006,569.678802,Presidio-San Pedro,51717,819.02,8299,0,8299,23
11,2012,8872.265,2673.8433686868684,15467.787,12934.736931286006,670.7822,Presidio-San Pedro,51717,819.02,8299.2,0,8299.2,23
11,2013,8773.648,731.327,15072.181,15563.277218003812,673.88,Presidio-San Pedro,51717,819.02,8299.2,0,8299.2,23
11,2014,8773.648,731.327,15072.181,15563.277218003812,748,Presidio-San Pedro,51717,819.02,8200.6,0,8200.6,23
11,2015,8773.648000000001,731.327,15072.181,15563.277218003808,833.5,Presidio-San Pedro,51717,819.02,8200.6,0,8200.6,23
11,2016,8840.841,5600.488,9279.923,9406.2520816463,662.48,Presidio-San Pedro,51717,819,8840.84303687693,0,8840.84303687693,26
11,2017,8840.841,5600.488,9279.923,9406.2520816463,620.1,Presidio-San Pedro,51717,819,8840.84303687693,0,8840.84303687693,26
11,2018,8840.841,5600.488,9279.923,9406.2520816463,693.57,Presidio-San Pedro,51717,819.02,8840.84303687693,0,8840.84303687693,26
11,2019,8840.841,5600.488,9279.923,9406.2520816463,721.080812765904,Presidio-San Pedro,51717,819,8840.84303687693,0,8840.84303687693,26
11,2020,8925.344,3164.0299999999997,9167.388,12203.812338048103,743.605854602872,NA,NA,NA,NA,0,NA,NA
11,2021,9097.862449148515,3164.0299999999997,NA,11790.023031792976,760.854243441745,NA,NA,NA,NA,0,NA,NA
11,2022,9352.777900360421,3164.0299999999997,NA,11178.602698308057,791.78288651491,NA,NA,NA,NA,0,NA,NA
11,2023,9627.494637690079,3164.0299999999997,NA,10519.688543228613,817.029553618298,NA,NA,NA,NA,0,NA,NA
12,2005,14496.65,22562.41,17979.893,18798.72307494653,582.4449,NA,NA,NA,NA,0,NA,NA
12,2006,14496.65,22562.41,17979.893,18798.72307494653,776.39885,Lerma-Santiago,132916,717.6760051,13842.4,0,13842.4,52
12,2007,14496.65,22562.41,17979.893,18798.72307494653,684.7345,Lerma-Santiago,132916,723.2311502,13636.9,0,13636.9,52
12,2008,14496.65,22562.41,17979.893,18798.72307494653,727.8622,Lerma-Santiago,132916,722.48384635,13636.9,0,13636.9,58
12,2009,14496.65,22562.41,17979.893,18798.72307494653,579.0233250000001,Lerma-Santiago,132916,723,13636.9,0,13636.9,58
12,2010,13550.45,27154.2,18001.313,15811.178841963418,726.6998,Lerma-Santiago,132916,723,13210.770000000002,0,13210.770000000002,59
12,2011,13550.45,24483.202577422577,18001.143,12439.59493231869,435.30418575,Lerma-Santiago,132916,717.12,13211,0,13211,59
12,2012,13550.45,24483.202577422577,18001.143,12439.59493231869,602.9273479999999,Lerma-Santiago,132916,717.12,13210.8,0,13210.8,59
12,2013,13179.65,24733.636,11874.483,9313.51705094867,780.1925,Lerma-Santiago,132916,717.12,13210.8,0,13210.8,58
12,2014,13179.65,24733.636,11874.483,9313.51705094867,681.4499999999999,Lerma-Santiago,132916,717.12,13179.7,0,13179.7,58
12,2015,13179.65,24733.636,11874.483,9313.51705094867,868.65,Lerma-Santiago,132916,717.12,13179.7,0,13179.7,58
12,2016,13061.619,26068.053,7837.617,9902.24203491983,723.265,Lerma-Santiago,132916,717,13061.619196414,0,13061.619196414,58
12,2017,13061.619,26068.053,7837.617,9902.24203491983,629.2,Lerma-Santiago,132916,717,13061.619196414,0,13061.619196414,58
12,2018,13061.618999999999,26068.053,7837.617,9902.2420349198,893.4925000000001,Lerma-Santiago,132916,717.12,13061.619196414,0,13061.619196414,58
12,2019,13061.619,26068.053,7837.617,9902.24203491983,632.878624896706,Lerma-Santiago,132916,717,13061.619196414,0,13061.619196414,58
12,2020,13239.731,24778.156,1283.9787333333334,9927.456359474978,627.9005069433044,NA,NA,NA,NA,0,NA,NA
12,2021,13264.190220572564,24778.156,NA,10154.515398904347,632.5194378330971,NA,NA,NA,NA,0,NA,NA
12,2022,13251.335732984933,24778.156,NA,10035.185038587064,633.774216300299,NA,NA,NA,NA,0,NA,NA
12,2023,13281.32674809418,24778.156,NA,10313.596652808963,637.947126922197,NA,NA,NA,NA,0,NA,NA
13,2005,1277.24,93.14,1253.5,1253.3526846372795,1230.9696999999999,NA,NA,NA,NA,0,NA,NA
13,2006,1277.24,93.14,1253.5,1253.3526846372795,1245.4941,Río Huicicila,5225,994.1018463,1228.4,0,1228.4,0
13,2007,1277.24,93.14,1253.5,1253.3526846372795,980.91175,Río Huicicila,5225,1396.207273,1277.2,0,1277.2,0
13,2008,1277.2399999999998,93.14,1253.5,1253.352684637279,1523.2956250000002,Río Huicicila,5225,1387.33021506,1277.2,0,1277.2,6
13,2009,1277.24,93.14,1253.5,1253.3526846372795,1050.2972,Río Huicicila,5225,1387,1277.2,0,1277.2,6
13,2010,1277.24,93.14,1253.5,1253.3526846372795,1548.4383,Río Huicicila,5225,1387,1277.24,0,1277.24,6
13,2011,1277.24,142.6830909090909,1253.5,1245.03868386385,1250.354439,Río Huicicila,5225,1399.55,1277,0,1277,6
13,2012,1277.24,142.6830909090909,1253.5,1245.03868386385,1267.45199975,Río Huicicila,5225,1399.55,1277.2,0,1277.2,6
13,2013,1279.2029999999997,119.943,1248.259,1251.9496319987925,1265.6750000000002,Río Huicicila,5225,1399.55,1277.2,0,1277.2,6
13,2014,1279.203,119.943,1248.259,1251.9496319987927,1329.45,Río Huicicila,5225,1399.55,1279.2,0,1279.2,6
13,2015,1279.203,119.943,1248.259,1251.9496319987927,1286.875,Río Huicicila,5225,1399.55,1279.2,0,1279.2,6
13,2016,1266.021,152.851,1224.171,1225.6445672371688,1302.0175,Río Huicicila,5225,1400,1266.02139050071,0,1266.02139050071,6
13,2017,1266.0210000000002,152.851,1224.171,1225.6445672371692,1301.325,Río Huicicila,5225,1400,1266.02139050071,0,1266.02139050071,6
13,2018,1266.021,152.851,1224.171,1225.6445672371688,1344.18,Río Huicicila,5225,1399.55,1266.02139050071,0,1266.02139050071,6
13,2019,1266.021,152.851,1224.171,1225.6445672371688,1156.8018653115375,Río Huicicila,5225,1400,1266.02139050071,0,1266.02139050071,6
13,2020,1330.067,318.861,1297.92,1298.7603595035548,1156.9578137003425,NA,NA,NA,NA,0,NA,NA
13,2021,1299.7963461081777,318.861,NA,1251.0358393604474,1156.95781378936,NA,NA,NA,NA,0,NA,NA
13,2022,1304.6822097411937,318.861,NA,1258.7388608479791,1156.95781378936,NA,NA,NA,NA,0,NA,NA
13,2023,1310.7775355489166,318.861,NA,1268.348712697531,1156.95781378936,NA,NA,NA,NA,0,NA,NA
14,2005,2235.46,304.83,5556.6900000000005,5653.374923039767,919.6725,NA,NA,NA,NA,0,NA,NA
14,2006,2235.46,304.83,5556.6900000000005,5653.374923039767,953.0468000000001,Río Ameca,12255,884.6316125,2165.4,0,2165.4,0
14,2007,2235.46,304.83,5556.6900000000005,5653.374923039767,921.3473,Río Ameca,12255,1022.685745,2235.5,0,2235.5,0
14,2008,2235.46,304.83,5556.6900000000005,5653.374923039767,1167.0009,Río Ameca,12255,1020.1877361,2235.5,0,2235.5,9
14,2009,2235.46,304.83,5556.6900000000005,5653.374923039767,679.9184,Río Ameca,12255,1020,2235.5,0,2235.5,9
14,2010,2235.46,304.83,5556.6900000000005,5653.374923039767,1107.5866,Río Ameca,12255,1020,2235.46,0,2235.46,9
14,2011,2235.46,365.9527272727273,5556.6900000000005,4942.849219865769,943.643756,Río Ameca,12255,1062.51,2236,0,2236,9
14,2012,2235.46,365.9527272727273,5556.6900000000005,4942.849219865769,949.111196,Río Ameca,12255,1062.51,2235.5,0,2235.5,9
14,2013,2204.687,390.793,5461.668,6132.92845559317,1084.91,Río Ameca,12255,1062.51,2235.5,0,2235.5,9
14,2014,2204.687,390.793,5461.668,6132.92845559317,1043.7,Río Ameca,12255,1062.51,2204.6,0,2204.6,9
14,2015,2204.687,390.793,5461.668,6132.92845559317,1114.8,Río Ameca,12255,1062.51,2204.6,0,2204.6,9
14,2016,2230.62,385.244,5530.634,4951.188923067779,959.77,Río Ameca,12255,1063,2230.62010372319,0,2230.62010372319,9
14,2017,2230.62,385.244,5530.634,4951.188923067779,866.6,Río Ameca,12255,1063,2230.62010372319,0,2230.62010372319,9
14,2018,2230.62,385.244,5530.634,4951.188923067779,1061.75,Río Ameca,12255,1062.51,2230.62010372319,0,2230.62010372319,9
14,2019,2230.62,385.244,5530.634,4951.188923067779,908.758506771433,Río Ameca,12255,1063,2230.62010372319,0,2230.62010372319,9
14,2020,2288.795,397.635,1059.902,2011.4729629792428,908.758506771433,NA,NA,NA,NA,0,NA,NA
14,2021,2303.041273427433,397.635,NA,1326.8496254373613,908.758506771433,NA,NA,NA,NA,0,NA,NA
14,2022,2297.9552083276603,397.635,NA,1571.2671484687899,908.758506771433,NA,NA,NA,NA,0,NA,NA
14,2023,2294.193627312625,397.635,NA,1752.0348532349317,908.758506771433,NA,NA,NA,NA,0,NA,NA
15,2005,3683.75,727.5699999999999,3635.7200000000003,3619.6339309051054,907.5238,NA,NA,NA,NA,0,NA,NA
15,2006,3683.75,727.5699999999999,3635.7200000000003,3619.6339309051054,1045.7096,Costa de Jalisco,12967,834.984523,3683.8,0,3683.8,0
15,2007,3683.75,727.5699999999999,3635.7200000000003,3619.6339309051054,915.7057,Costa de Jalisco,12967,1185.455642,3683.8,0,3683.8,0
15,2008,3683.75,727.5699999999999,3635.7200000000003,3619.6339309051054,987.5868,Costa de Jalisco,12967,1175.3543655,3683.8,0,3683.8,11
15,2009,3683.75,727.5699999999999,3635.7200000000003,3619.6339309051054,698.794,Costa de Jalisco,12967,1175,3683.8,0,3683.8,11
15,2010,3683.75,727.5699999999999,3635.7200000000003,3619.6339309051054,1122.5217,Costa de Jalisco,12967,1175,3683.75,0,3683.75,11
15,2011,3683.75,1314.5666363636365,3635.7200000000003,4104.203753577627,1291.2918255,Costa de Jalisco,12967,1143.54,3684,0,3684,11
15,2012,3683.75,1314.5666363636365,3635.7200000000003,4104.203753577627,882.614577,Costa de Jalisco,12967,1143.54,3683.8,0,3683.8,11
15,2013,3606.363,1515.199,3539.312,3412.8441430443922,1239.92,Costa de Jalisco,12967,1143.54,3683.8,0,3683.8,11
15,2014,3606.363,1515.199,3539.312,3412.8441430443922,1231.8,Costa de Jalisco,12967,1143.54,3606.4,0,3606.4,11
15,2015,3606.3630000000003,1515.199,3539.312,3412.8441430443995,1407,Costa de Jalisco,12967,1143.54,3606.4,0,3606.4,11
15,2016,3590.705,1521.675,3592.657,3244.7935577235903,929.505,Costa de Jalisco,12967,1144,3590.70587793262,0,3590.70587793262,11
15,2017,3590.705,1521.675,3592.657,3244.7935577235903,1074.65,Costa de Jalisco,12967,1144,3590.70587793262,0,3590.70587793262,11
15,2018,3590.705,1521.675,3592.657,3244.7935577235903,927.23,Costa de Jalisco,12967,1143.54,3590.70587793262,0,3590.70587793262,11
15,2019,3590.705,1521.675,3592.657,3244.7935577235903,854.651990368268,Costa de Jalisco,12967,1144,3590.70587793262,0,3590.70587793262,11
15,2020,3513.041,1645.2259999999999,1556.329,2486.7352473864953,854.651990368268,NA,NA,NA,NA,0,NA,NA
15,2021,3553.2280850230527,1645.2259999999999,NA,2931.766710082214,854.651990368268,NA,NA,NA,NA,0,NA,NA
15,2022,3553.2280850230527,1645.2259999999999,NA,2931.766710082214,854.651990368268,NA,NA,NA,NA,0,NA,NA
15,2023,3553.2280850230527,1645.2259999999999,NA,2931.766710082214,854.651990368268,NA,NA,NA,NA,0,NA,NA
16,2005,3790.706,2378.216,4231.115,4230.054323964229,675.5145,NA,NA,NA,NA,0,NA,NA
16,2006,3790.706,2378.216,4231.115,4230.054323964229,964.554625,Armería-Coahuayana,17628,838.3511918,3882,0,3882,0
16,2007,3790.706,2378.216,4231.115,4230.054323964229,880.04,Armería-Coahuayana,17628,911.3351795,3882,0,3882,0
16,2008,3790.706,2378.216,4231.115,4230.054323964229,849.737025,Armería-Coahuayana,17628,908.3526463,3985.5,0,3985.5,0
16,2009,3790.706,2378.216,4231.115,4230.054323964229,714.33015,Armería-Coahuayana,17628,908,3985.5,0,3985.5,10
16,2010,3790.706,2378.216,4231.115,4230.054323964229,932.29205,Armería-Coahuayana,17628,908,3985.45,0,3985.45,10
16,2011,3790.7059999999997,2404.5015,4231.115,4232.066310611648,1004.5181230000001,Armería-Coahuayana,17628,865.59,3986,0,3986,10
16,2012,3790.706,2404.5015,4231.115,4232.06631061165,765.97552725,Armería-Coahuayana,17628,865.59,3985.5,0,3985.5,10
16,2013,3536.907,2384.799,3664.4,3666.283644864598,1056.66,Armería-Coahuayana,17628,865.59,3985.5,0,3985.5,10
16,2014,3536.907,2384.799,3664.4,3666.283644864598,978.25,Armería-Coahuayana,17628,865.59,3536.9,0,3536.9,10
16,2015,3536.907,2384.799,3664.4,3666.283644864598,1123.5749999999998,Armería-Coahuayana,17628,865.59,3536.9,0,3536.9,10
16,2016,3479.6600000000003,2432.386,3537.444,3542.648136966757,807.905,Armería-Coahuayana,17628,866,3479.65995669515,0,3479.65995669515,10
16,2017,3479.66,2432.386,3537.444,3542.6481369667563,859.9,Armería-Coahuayana,17628,866,3479.65995669515,0,3479.65995669515,10
16,2018,3479.66,2432.386,3537.444,3542.6481369667563,849.4775,Armería-Coahuayana,17628,865.59,3479.65995669515,0,3479.65995669515,10
16,2019,3479.6600000000003,2432.386,3537.444,3542.648136966757,747.2378352855045,Armería-Coahuayana,17628,866,3479.65995669515,0,3479.65995669515,10
16,2020,3431.3,2433.421,3457.214,3435.2079525305194,748.5983409133235,NA,NA,NA,NA,0,NA,NA
16,2021,3471.5464312918434,2433.421,NA,3524.6883584162056,748.5983409137634,NA,NA,NA,NA,0,NA,NA
16,2022,3471.5464312918434,2433.421,NA,3524.6883584162056,748.5983409137634,NA,NA,NA,NA,0,NA,NA
16,2023,3471.5464312918434,2433.421,NA,3524.6883584162056,748.5983409137634,NA,NA,NA,NA,0,NA,NA
17,2005,1612.43,23.06,1593.75,1593.708936435125,747.9295,NA,NA,NA,NA,0,NA,NA
17,2006,1612.4299999999998,23.06,1593.75,1593.7089364351248,989.7295,Costa de Michoacán,9205,804.7857544,1635.4,0,1635.4,0
17,2007,1612.4299999999998,23.06,1593.75,1593.7089364351248,733.3927,Costa de Michoacán,9205,890.885923,1635.4,0,1635.4,0
17,2008,1612.43,23.06,1593.75,1593.708936435125,700.8074,Costa de Michoacán,9205,888.05415773,1612.4,0,1612.4,0
17,2009,1612.43,23.06,1593.75,1593.708936435125,695.8817,Costa de Michoacán,9205,888,1612.4,0,1612.4,6
17,2010,1612.4300000000003,23.06,1593.75,1593.7089364351252,962.2298,Costa de Michoacán,9205,888,1612.43,0,1612.43,6
17,2011,1612.43,25.9017,1593.75,1591.9967879280928,864.350163,Costa de Michoacán,9205,943.78,1612,0,1612,6
17,2012,1612.4299999999998,25.9017,1593.75,1591.9967879280925,736.780473,Costa de Michoacán,9205,943.78,1612.4,0,1612.4,6
17,2013,1616.56,23.147,1598.2040000000002,1598.5203865690871,960.42,Costa de Michoacán,9205,943.78,1612.4,0,1612.4,6
17,2014,1616.56,23.147,1598.2040000000002,1598.5203865690871,862.9,Costa de Michoacán,9205,943.78,1616.6,0,1616.6,6
17,2015,1616.56,23.147,1598.2040000000002,1598.5203865690871,912.5,Costa de Michoacán,9205,943.78,1616.6,0,1616.6,6
17,2016,1612.064,28.315,1588.766,1590.111718769006,643.49,Costa de Michoacán,9205,944,1612.06372078475,0,1612.06372078475,6
17,2017,1612.0639999999999,28.315,1588.766,1590.1117187690056,745.8,Costa de Michoacán,9205,944,1612.06372078475,0,1612.06372078475,6
17,2018,1612.0639999999999,28.315,1588.766,1590.1117187690056,1017.9,Costa de Michoacán,9205,943.78,1612.06372078475,0,1612.06372078475,6
17,2019,1612.0639999999999,28.315,1588.766,1590.1117187690056,697.03779566887,Costa de Michoacán,9205,944,1612.06372078475,0,1612.06372078475,6
17,2020,1613.186,30.196,1592.879,1590.2997707497825,697.415332604821,NA,NA,NA,NA,0,NA,NA
17,2021,1613.0846249124957,30.196,NA,1590.1803821100034,697.415332605409,NA,NA,NA,NA,0,NA,NA
17,2022,1613.0846249124957,30.196,NA,1590.1803821100034,697.415332605409,NA,NA,NA,NA,0,NA,NA
17,2023,1613.0846249124957,30.196,NA,1590.1803821100034,697.415332605409,NA,NA,NA,NA,0,NA,NA
18,2005,17056.5,30983.010000000002,10859.5,8836.188945404416,725.2203,NA,NA,NA,NA,0,NA,NA
18,2006,17056.5,30983.010000000002,10859.5,8836.188945404416,934.78625,Balsas,118268,1039.446896,17056.5,0,17056.5,0
18,2007,17056.5,30983.010000000002,10859.5,8836.188945404416,907.2858,Balsas,118268,949.6687293,17056.5,0,17056.5,15
18,2008,17056.5,30983.010000000002,10859.5,8836.188945404416,771.6693,Balsas,118268,951.61249435,17056.5,0,17056.5,15
18,2009,17056.5,30983.010000000002,10859.5,8836.188945404416,733.1473,Balsas,118268,952,17056.5,0,17056.5,15
18,2010,17056.5,30983.010000000002,10859.5,8836.188945404416,994.9259,Balsas,118268,952,17056.5,0,17056.5,15
18,2011,17056.5,31679.052833333335,10859.5,9082.465062609366,771.248169,Balsas,118268,947.02,17057,0,17057,15
18,2012,17056.5,31679.052833333335,10859.5,9082.465062609366,838.888923,Balsas,118268,947.02,17056.5,0,17056.5,15
18,2013,16805.277,34433.557,8990.281,9782.98502956821,920.38,Balsas,118268,947.02,17056.5,0,17056.5,15
18,2014,16805.277,34433.557,8990.281,9782.98502956821,922.9,Balsas,118268,947.02,16805.3,0,16805.3,15
18,2015,16805.277000000002,34433.557,8990.281,9782.985029568214,857.15,Balsas,118268,947.02,16805.3,0,16805.3,15
18,2016,16797.684,30372.718,5577.79,8337.881832827188,799.495,Balsas,118268,947,16797.6849794084,0,16797.6849794084,15
18,2017,16797.684,30372.718,5577.79,8337.881832827188,873.2,Balsas,118268,947,16797.6849794084,0,16797.6849794084,15
18,2018,16797.684,30372.718,5577.79,8337.881832827188,914.43,Balsas,118268,947.02,16797.6849794084,0,16797.6849794084,15
18,2019,16797.684,30372.718,5577.79,8337.881832827188,791.184447241669,Balsas,118268,947,16797.6849794084,0,16797.6849794084,15
18,2020,18574.815,31425.051,8373.637999999999,10649.094782341384,794.6723152265815,NA,NA,NA,NA,0,NA,NA
18,2021,17691.79227940298,31425.051,NA,9685.70547798344,805.312180394209,NA,NA,NA,NA,0,NA,NA
18,2022,17705.531804681465,31425.051,NA,9700.69547925011,800.0196822727805,NA,NA,NA,NA,0,NA,NA
18,2023,17671.13717830284,31425.051,NA,9663.17049330394,805.4102362704035,NA,NA,NA,NA,0,NA,NA
19,2005,6090.6500000000005,172.76,11017.87,11126.758266165241,1306.8479,NA,NA,NA,NA,0,NA,NA
19,2006,6090.6500000000005,172.76,11017.87,11126.758266165241,1418.8972,Costa Grande de Guerrero,12132,1112.400398,6090.7,0,6090.7,0
19,2007,6090.65,172.76,11017.87,11126.758266165241,1169.187,Costa Grande de Guerrero,12132,1232.03105,6090.7,0,6090.7,28
19,2008,6090.6500000000005,172.76,11017.87,11126.758266165241,1112.1888,Costa Grande de Guerrero,12132,1234.16445626,6090.7,0,6090.7,28
19,2009,6090.6500000000005,172.76,11017.87,11126.758266165241,948.2953,Costa Grande de Guerrero,12132,1234,6090.65,0,6090.65,28
19,2010,6090.6500000000005,172.76,11017.87,11126.758266165241,1617.8636,Costa Grande de Guerrero,12132,1234,6090.65,0,6090.65,28
19,2011,6090.6500000000005,175.50508333333332,11017.87,10690.244429276674,1313.825489,Costa Grande de Guerrero,12132,1214.64,6091,0,6091,28
19,2012,6090.6500000000005,175.50508333333332,11017.87,10690.244429276674,962.985667,Costa Grande de Guerrero,12132,1214.64,6090.7,0,6090.7,28
19,2013,5113.445,173.733,9066.471,9081.590069916881,935.93,Costa Grande de Guerrero,12132,1214.64,6090.7,0,6090.7,28
19,2014,5113.445,173.733,9066.471,9081.590069916881,955,Costa Grande de Guerrero,12132,1214.64,5113.4,0,5113.4,28
19,2015,5113.445000000001,173.733,9066.471,9081.590069916881,920.4,Costa Grande de Guerrero,12132,1214.64,5113.4,0,5113.4,28
19,2016,5171.321,174.427,9115.116,9083.196152283042,1040.9,Costa Grande de Guerrero,12132,1215,5171.322623458,0,5171.322623458,28
19,2017,5171.321,174.427,9115.116,9083.196152283042,1149.1,Costa Grande de Guerrero,12132,1215,5171.322623458,0,5171.322623458,28
19,2018,5171.321,174.427,9115.116,9083.196152283042,1070.84,Costa Grande de Guerrero,12132,1214.64,5171.322623458,0,5171.322623458,28
19,2019,5171.321,174.427,9115.116,9083.196152283042,939.473796179394,Costa Grande de Guerrero,12132,1215,5171.322623458,0,5171.322623458,28
19,2020,5223.451,196.114,5651.207,5735.450725572602,942.643658242958,NA,NA,NA,NA,0,NA,NA
19,2021,5211.514040814247,196.114,NA,5712.358165403351,942.643658242958,NA,NA,NA,NA,0,NA,NA
19,2022,5235.066510616646,196.114,NA,5757.921429680533,942.643658242958,NA,NA,NA,NA,0,NA,NA
19,2023,5252.367237737712,196.114,NA,5791.390429263924,942.643658242958,NA,NA,NA,NA,0,NA,NA
20,2005,18713.55,2624.28,44383.35,45229.96057354991,1253.869,NA,NA,NA,NA,0,NA,NA
20,2006,18713.55,2624.28,44383.35,45229.96057354991,1584.0494,Costa Chica de Guerrero,39936,1350.335098,18713.6,0,18713.6,0
20,2007,18713.55,2624.28,44383.35,45229.96057354991,1548.9928,Costa Chica de Guerrero,39936,1393.125366,18713.6,0,18713.6,32
20,2008,18713.55,2624.28,44383.35,45229.96057354991,1317.28325,Costa Chica de Guerrero,39936,1390.896794,18713.6,0,18713.6,32
20,2009,18713.55,2624.28,44383.35,45229.96057354991,1069.9328500000001,Costa Chica de Guerrero,39936,1391,18713.55,0,18713.55,32
20,2010,18713.55,2624.28,44383.35,45229.96057354991,1346.4463999999998,Costa Chica de Guerrero,39936,1391,18713.55,0,18713.55,32
20,2011,18713.50025,8066.941416666667,44383.35,37306.520176288075,1056.87287,Costa Chica de Guerrero,39936,1281.77,18714,0,18714,32
20,2012,18713.55,8066.941416666667,44383.35,37306.19328899463,937.3903210000001,Costa Chica de Guerrero,39936,1281.77,18713.6,0,18713.6,32
20,2013,18170.287,10730.133,37510.639,36998.51547554303,1256.7175,Costa Chica de Guerrero,39936,1281.77,18713.6,0,18713.6,32
20,2014,18170.287,10730.133,37510.639,36998.51547554303,1196.025,Costa Chica de Guerrero,39936,1281.77,18170.3,0,18170.3,32
20,2015,18170.287,10730.133,37510.639,36998.51547554303,801.85,Costa Chica de Guerrero,39936,1281.77,18170.3,0,18170.3,32
20,2016,18259.652000000002,10786.474,37605.595,36329.309152516464,949.13,Costa Chica de Guerrero,39936,1282,18259.6506658286,0,18259.6506658286,32
20,2017,18259.652,10786.474,37605.595,36329.30915251648,1170.75,Costa Chica de Guerrero,39936,1282,18259.6506658286,0,18259.6506658286,32
20,2018,18259.652000000002,10786.474,37605.595,36329.309152516464,1059.9475,Costa Chica de Guerrero,39936,1281.77,18259.6506658286,0,18259.6506658286,32
20,2019,18259.652000000002,10786.474,37605.595,36329.309152516464,980.582832611312,Costa Chica de Guerrero,39936,1282,18259.6506658286,0,18259.6506658286,32
20,2020,18512.974,10969.882,18681.978,34397.815056721825,983.394676610316,NA,NA,NA,NA,0,NA,NA
20,2021,18573.595989179128,10969.882,NA,33999.49228353311,981.7737391477,NA,NA,NA,NA,0,NA,NA
20,2022,18666.3548945743,10969.882,NA,33390.010725186716,981.517216750136,NA,NA,NA,NA,0,NA,NA
20,2023,18762.72159595179,10969.882,NA,32756.823786660043,981.581109960547,NA,NA,NA,NA,0,NA,NA
21,2005,3389.2200000000003,9.652,5669.885,5604.441533473114,972.4486999999999,NA,NA,NA,NA,0,NA,NA
21,2006,3389.22,9.652,5669.885,5604.441533473112,2130.33385,Costa de Oaxaca,10514,1522.676193,3389.2,0,3389.2,0
21,2007,3389.2200000000003,9.652,5669.885,5604.441533473114,1550.5201,Costa de Oaxaca,10514,971.1977275,3389.2,0,3389.2,19
21,2008,3389.22,9.652,5669.885,5604.441533473112,1817.4961,Costa de Oaxaca,10514,966.54612108,3389.2,0,3389.2,19
21,2009,3389.2200000000003,9.652,5669.885,5604.441533473114,801.628,Costa de Oaxaca,10514,967,3389.2,0,3389.2,19
21,2010,3389.2200000000003,9.652,5669.885,5604.441533473114,1291.3137,Costa de Oaxaca,10514,967,3389.22,0,3389.22,19
21,2011,3389.2200000000003,15.916583333333334,5669.87,5761.248670711764,842.488444,Costa de Oaxaca,10514,950.52,3389,0,3389,19
21,2012,3389.22,15.916583333333334,5669.87,5761.248670711762,816.176773,Costa de Oaxaca,10514,950.52,3389.2,0,3389.2,19
21,2013,2891.939,13.041,4221.614,4216.01903537305,819.02,Costa de Oaxaca,10514,950.52,3389.2,0,3389.2,19
21,2014,2891.9390000000003,13.041,4221.614,4216.01903537305,778.5,Costa de Oaxaca,10514,950.52,2891.9,0,2891.9,19
21,2015,2891.939,13.041,4221.614,4216.01903537305,520.9,Costa de Oaxaca,10514,950.52,2891.9,0,2891.9,19
21,2016,2894.4359999999997,20.259,4274.492,4404.088541579228,707.68,Costa de Oaxaca,10514,951,2894.43417483054,0,2894.43417483054,19
21,2017,2894.4359999999997,20.259,4274.492,4404.088541579228,1150.8,Costa de Oaxaca,10514,951,2894.43417483054,0,2894.43417483054,19
21,2018,2894.4359999999997,20.259,4274.492,4404.088541579228,771.03,Costa de Oaxaca,10514,950.52,2894.43417483054,0,2894.43417483054,19
21,2019,2894.4359999999997,20.259,4274.492,4404.088541579228,781.561946019806,Costa de Oaxaca,10514,951,2894.43417483054,0,2894.43417483054,19
21,2020,2538.537,32.232,3941.088,3649.3901853017014,774.181374630491,NA,NA,NA,NA,0,NA,NA
21,2021,2776.8213058419524,32.232,NA,4355.334611969139,774.180494723796,NA,NA,NA,NA,0,NA,NA
21,2022,2800.1354715311504,32.232,NA,4424.405486244877,774.180494086094,NA,NA,NA,NA,0,NA,NA
21,2023,2840.5416849350145,32.232,NA,4544.113500813458,774.180494085099,NA,NA,NA,NA,0,NA,NA
22,2005,2606.2200000000003,294.58,2572.98,2650.713250780049,952.9262,NA,NA,NA,NA,0,NA,NA
22,2006,2606.22,294.58,2572.98,2650.713250780048,2163.2496,Tehuantepec,16363,1522.676193,2606.2,0,2606.2,0
22,2007,2606.22,294.58,2572.98,2650.713250780048,1393.6376500000001,Tehuantepec,16363,824.8650013,2606.2,0,2606.2,15
22,2008,2606.22,294.58,2572.98,2650.713250780048,2105.4151,Tehuantepec,16363,821.19897138,2606.2,0,2606.2,15
22,2009,2606.22,294.58,2572.98,2650.713250780048,786.9916,Tehuantepec,16363,821,2606.2,0,2606.2,15
22,2010,2606.22,294.58,2572.98,2650.713250780048,1231.9043,Tehuantepec,16363,821,2606.22,0,2606.22,15
22,2011,2606.22,314.60341666666665,2572.98,2651.7835505770845,937.379883,Tehuantepec,16363,883.75,2606,0,2606,15
22,2012,2606.2200000000003,314.60341666666665,2572.98,2651.7835505770854,917.858143,Tehuantepec,16363,883.75,2606.2,0,2606.2,15
22,2013,2453.124,230.863,2398.562,2358.2070108006214,910.63,Tehuantepec,16363,883.75,2606.2,0,2606.2,15
22,2014,2453.1240000000003,230.863,2398.562,2358.2070108006214,775,Tehuantepec,16363,883.75,2453.1,0,2453.1,15
22,2015,2453.124,230.863,2398.562,2358.2070108006214,587.6,Tehuantepec,16363,883.75,2453.1,0,2453.1,15
22,2016,2574.763,195.439,2695.371,2586.0117749079554,684.64,Tehuantepec,16363,884,2574.76431926551,0,2574.76431926551,15
22,2017,2574.763,195.439,2695.371,2586.0117749079554,1257.8,Tehuantepec,16363,884,2574.76431926551,0,2574.76431926551,15
22,2018,2574.763,195.439,2695.371,2586.0117749079554,721.17,Tehuantepec,16363,883.75,2574.76431926551,0,2574.76431926551,15
22,2019,2574.763,195.439,2695.371,2586.0117749079554,900.062328286939,Tehuantepec,16363,884,2574.76431926551,0,2574.76431926551,15
22,2020,3099.238,1122.576,3691.472,3625.967262131837,930.563118982138,NA,NA,NA,NA,0,NA,NA
22,2021,2973.098760995874,1122.576,NA,3387.7709271853055,955.726408611188,NA,NA,NA,NA,0,NA,NA
22,2022,3050.7383418395466,1122.576,NA,3534.382431660474,958.017228364322,NA,NA,NA,NA,0,NA,NA
22,2023,3153.4552293776856,1122.576,NA,3728.3489272717206,957.799347207985,NA,NA,NA,NA,0,NA,NA
23,2005,9603.8,670.4,12190.75,12237.392964934244,3351.5248,NA,NA,NA,NA,0,NA,NA
23,2006,9603.8,670.4,12190.75,12178.856906707064,2460.0279499999997,Costa de Chiapas,12293,1968.882747,9603.8,2950,12553.8,0
23,2007,9603.8,670.4,12190.75,12178.856906707064,2356.6662,Costa de Chiapas,12293,2352.665865,9603.8,2950,12553.8,25
23,2008,9603.8,670.4,12190.75,12178.856906707064,2700.8207,Costa de Chiapas,12293,2347.31760854,9603.8,2950,12553.8,25
23,2009,9603.8,670.4,12190.75,12178.856906707064,2610.8801999999996,Costa de Chiapas,12293,2347,9603.8,2950,12553.8,25
23,2010,12617.26,649.5,13745.99,13756.187031898526,3188.4324,Costa de Chiapas,12293,2347,12617.26,1586,14203.26,25
23,2011,12617.26,903.4604166666667,13745.99,13679.040971715775,2840.372001,Costa de Chiapas,12293,2220.31,12617,1586,14203,25
23,2012,12617.26,903.4604166666667,13745.99,13679.040971715775,2186.61497,Costa de Chiapas,12293,2220.31,12617.3,1586,14203.3,25
23,2013,12617.264,649.5,13745.959,13756.189081258137,2603.88,Costa de Chiapas,12293,2220.31,12617.3,1586,14203.3,25
23,2014,12617.264,649.5,13745.959,13756.189081258137,2632.9,Costa de Chiapas,12293,2220.31,12617.3,1586,14203.3,25
23,2015,12617.264,649.5,13745.959,13756.189081258137,1663.1,Costa de Chiapas,12293,2220.31,12617.3,1586,14203.3,25
23,2016,12551.012,1204.987,13508.13,13553.504148700673,1883.31,Costa de Chiapas,12293,2220,12551.0137247528,1586,14137.0137247528,25
23,2017,12551.012,1204.987,13508.13,13553.504148700673,2721.1,Costa de Chiapas,12293,2220,12551.0137247528,1586,14137.0137247528,25
23,2018,12551.012,1204.987,13508.13,13553.504148700673,2101.76,Costa de Chiapas,12293,2220.31,12551.0137247528,1586,14137.0137247528,25
23,2019,12551.012,1204.987,13508.13,13553.504148700673,1533.39636795097,Costa de Chiapas,12293,2220,12551.0137247528,1586,14137.0137247528,25
23,2020,12511.922999999999,1412.377,13589.505,13501.948594330404,1533.39636795097,NA,NA,NA,NA,0,NA,NA
23,2021,12629.417205825099,1412.377,NA,13562.145564372417,1533.39636795097,NA,NA,NA,NA,0,NA,NA
23,2022,12677.87786238405,1412.377,NA,13586.973892464084,1533.39636795097,NA,NA,NA,NA,0,NA,NA
23,2023,12876.445946112768,1412.377,NA,13688.708245265367,1533.39636795097,NA,NA,NA,NA,0,NA,NA
24,2005,36433.483,53896.901000000005,-15729,-15730.50560332359,393.3952,NA,NA,NA,NA,0,NA,NA
24,2006,36433.483,53896.901000000005,-15729,-14988.86750911572,487.9681,Bravo-Conchos,229740,431.6703067,5587.7,-432,5155.7,0
24,2007,36433.483,53896.901000000005,-15729,-14988.86750911572,501.54605000000004,Bravo-Conchos,229740,448.5492372,5587.7,-432,5155.7,0
24,2008,36433.483,53896.901000000005,-15729,-14988.86750911572,588.9457,Bravo-Conchos,229740,453.25919441,5587.7,-432,5155.7,37
24,2009,36433.483,53896.901000000005,-15729,-14988.86750911572,404.6711,Bravo-Conchos,229740,453,5587.7,-432,5155.7,37
24,2010,36433.483,53896.901000000005,-15729,-14990.584263963423,667.3803,Bravo-Conchos,229740,453,5587.7,-431,5155.98,37
24,2011,36433.483,53896.901000000005,-15729,-14988.86750911572,212.492924,Bravo-Conchos,229740,399.33,5588,-432,5156,37
24,2012,36433.483,53896.901000000005,-15729,-14988.86750911572,355.818901,Bravo-Conchos,229740,399.33,5587.7,-432,5155.7,37
24,2013,70155.849,102800.37,-12894.623,-12896.372796607406,583.22,Bravo-Conchos,229740,399.33,5587.7,-432,5155.7,37
24,2014,70155.849,102800.37,-12894.623,-12896.372796607406,489.2,Bravo-Conchos,229740,399.33,5587.7,-432,5155.7,37
24,2015,70155.849,102800.37,-12894.623,-12896.372796607406,556.9,Bravo-Conchos,229740,399.33,5587.7,-432,5155.7,37
24,2016,36399.417250000006,53849.39075,-13698.447714285714,-14991.510713244428,612.9,Bravo-Conchos,229740,399,5671.81489225704,-432,5239.81489225704,37
24,2017,36399.41725,53849.39075,-13698.447714285714,-14991.510713244432,503.9,Bravo-Conchos,229740,399,5671.81489225704,-432,5239.81489225704,37
24,2018,36399.417250000006,53849.39075,-13698.447714285714,-14991.510713244428,516.55,Bravo-Conchos,229740,399.33,5671.81489225704,-432,5239.81489225704,37
24,2019,36399.417250000006,53849.39075,-13698.447714285714,-14991.510713244428,414.160165338654,Bravo-Conchos,229740,399,5671.81489225704,-432,5239.81489225704,37
24,2020,32382.26857422817,0,-2538.853,-2539.0566923617353,395.487249256026,NA,NA,NA,NA,0,NA,NA
24,2021,32520.403569681403,0,NA,-2474.4093861532274,400.8373112048415,NA,NA,NA,NA,0,NA,NA
24,2022,32924.22098295814,0,NA,-2285.4224615670755,401.9078726935565,NA,NA,NA,NA,0,NA,NA
24,2023,33151.66391050701,0,NA,-2178.9789601649336,394.70271980104,NA,NA,NA,NA,0,NA,NA
25,2005,4841.66,3087.67,4185.89,4352.430682253258,858.6846,NA,NA,NA,NA,0,NA,NA
25,2006,4841.66,3087.67,4185.89,4352.430682253258,565.7416000000001,San Fernando-Soto la Marina,54961,731.3469868,4328.2,0,4328.2,0
25,2007,4841.66,3087.67,4185.89,4352.430682253258,886.82375,San Fernando-Soto la Marina,54961,758.5132426,4328.2,0,4328.2,45
25,2008,4841.66,3087.67,4185.89,4352.430682253258,946.41165,San Fernando-Soto la Marina,54961,757.31710524,4328.2,0,4328.2,45
25,2009,4841.66,3087.67,4185.89,4352.430682253258,581.0328,San Fernando-Soto la Marina,54961,757,4328.2,0,4328.2,45
25,2010,4841.66,3087.67,4185.89,4352.430682253258,1009.4476,San Fernando-Soto la Marina,54961,757,4841.66,0,4841.66,45
25,2011,4841.66,2579.4105,4185.89,4116.763311213417,595.101472,San Fernando-Soto la Marina,54961,702.57,4842,0,4842,45
25,2012,4841.66,2579.4105,4185.89,4116.763311213417,666.78089,San Fernando-Soto la Marina,54961,702.57,4841.7,0,4841.7,45
25,2013,4863.641,2471.007,4257.304,4060.9321519235314,1165.76,San Fernando-Soto la Marina,54961,702.57,4841.68,0,4841.68,45
25,2014,4863.641,2471.007,4257.304,4060.9321519235314,977.3,San Fernando-Soto la Marina,54961,702.57,4863.7,0,4863.7,45
25,2015,4863.641,2471.007,4257.304,4060.9321519235314,768.95,San Fernando-Soto la Marina,54961,702.57,4863.7,0,4863.7,45
25,2016,4713.17,2569.318,4299.251,4144.626372293935,787.59,San Fernando-Soto la Marina,54961,703,4713.17089137494,0,4713.17089137494,45
25,2017,4713.17,2569.318,4299.251,4144.626372293935,648.8,San Fernando-Soto la Marina,54961,703,4713.17089137494,0,4713.17089137494,45
25,2018,4713.17,2569.318,4299.251,4144.626372293935,676.875,San Fernando-Soto la Marina,54961,702.57,4713.17089137494,0,4713.17089137494,45
25,2019,4713.17,2569.318,4299.251,4144.626372293935,613.580765351644,San Fernando-Soto la Marina,54961,703,4713.17089137494,0,4713.17089137494,45
25,2020,4649.747,911.953,3045.587,3392.2103391073288,607.57957070481,NA,NA,NA,NA,0,NA,NA
25,2021,4684.707728007408,911.953,NA,3383.3558241938817,608.725659821668,NA,NA,NA,NA,0,NA,NA
25,2022,4676.336519446996,911.953,NA,3385.476002899143,608.518554013678,NA,NA,NA,NA,0,NA,NA
25,2023,4671.828838506721,911.953,NA,3386.617664711857,608.553753432155,NA,NA,NA,NA,0,NA,NA
26,2005,20329.54,9675.460000000001,75709.66,65857.40759224276,737.1268,NA,NA,NA,NA,0,NA,NA
26,2006,20329.54,9675.460000000001,75709.66,65857.40759224276,681.5712,Pánuco,96989,886.3529236,20329.5,0,20329.5,0
26,2007,20329.54,9675.460000000001,75709.66,65857.40759224276,1170.2615,Pánuco,96989,889.1962604,20329.5,0,20329.5,0
26,2008,20329.54,9675.460000000001,75709.66,65857.40759224276,1149.1422499999999,Pánuco,96989,891.7815571,20329.5,0,20329.5,77
26,2009,20329.54,9675.460000000001,75709.66,65857.40759224276,709.79225,Pánuco,96989,892,20329.5,0,20329.5,77
26,2010,20329.54,9675.460000000001,75709.66,65857.40759224276,992.4924,Pánuco,96989,892,20329.540000000005,0,20329.540000000005,77
26,2011,19672.940000000002,9538.234181818181,55332.02,45805.4554447759,664.694107,Pánuco,96989,854.87,19673,0,19673,77
26,2012,19672.940000000002,9538.234181818181,55332.02,45805.4554447759,870.6785219999999,Pánuco,96989,854.87,19672.9,0,19672.9,77
26,2013,19702.125,9041.056,55190.939,58965.70150640959,990.77,Pánuco,96989,854.87,19672.9,0,19672.9,77
26,2014,19702.125,9041.056,55190.939,58965.70150640959,965.25,Pánuco,96989,854.87,19672.9,0,19672.9,77
26,2015,19702.125,9041.056,55190.939,58965.70150640959,837.3,Pánuco,96989,854.87,19672.9,0,19672.9,77
26,2016,20223.561999999998,9687.751,47890.766,61781.36010300598,825.5699999999999,Pánuco,96989,855,20223.5635949791,0,20223.5635949791,77
26,2017,20223.561999999998,9687.751,47890.766,61781.36010300598,707.4,Pánuco,96989,855,20223.5635949791,0,20223.5635949791,77
26,2018,20223.561999999998,9687.751,47890.766,61781.36010300598,741.66,Pánuco,96989,854.87,20223.5635949791,0,20223.5635949791,77
26,2019,20223.561999999998,9687.751,47890.766,61781.36010300598,782.642362052575,Pánuco,96989,855,20223.5635949791,0,20223.5635949791,77
26,2020,20372.371,10020.024,47703.844,58983.82362574013,785.966918572903,NA,NA,NA,NA,0,NA,NA
26,2021,20393.468462114794,10020.024,NA,59735.609789790586,774.721937897522,NA,NA,NA,NA,0,NA,NA
26,2022,20753.592220808754,10020.024,NA,72568.24613528501,785.640267975795,NA,NA,NA,NA,0,NA,NA
26,2023,20367.716756714526,10020.024,NA,58817.974497200106,785.640267975795,NA,NA,NA,NA,0,NA,NA
27,2005,14305.726,1954.92,14166.95,14164.705733501662,1592.7588999999998,NA,NA,NA,NA,0,NA,NA
27,2006,14305.725999999999,1954.92,14166.95,14164.70573350166,1356.7372500000001,Norte de Veracruz (Tuxpan-Nautla),26592,1379.522452,16033.7,0,16033.7,0
27,2007,14305.726,1954.92,14166.95,14164.705733501662,1832.00495,Norte de Veracruz (Tuxpan-Nautla),26592,1423.208059,14305.7,0,14305.7,5
27,2008,14305.726,1954.92,14166.95,14164.705733501662,1600.86575,Norte de Veracruz (Tuxpan-Nautla),26592,1427.05915825,14305.7,0,14305.7,5
27,2009,14305.726,1954.92,14166.95,14164.705733501662,1356.8493,Norte de Veracruz (Tuxpan-Nautla),26592,1427,14305.7,0,14305.7,12
27,2010,14305.726,1954.92,14166.95,14164.705733501662,1780.1829750000002,Norte de Veracruz (Tuxpan-Nautla),26592,1427,14305.726,0,14305.726,12
27,2011,14306.973000000002,5112.188033333333,14148.74,14151.20477571796,1463.8492635,Norte de Veracruz (Tuxpan-Nautla),26592,1422.32,14307,0,14307,12
27,2012,14306.973,5112.188033333333,14148.74,14151.204775717959,1653.5610275,Norte de Veracruz (Tuxpan-Nautla),26592,1422.32,14307,0,14307,12
27,2013,14154.841999999999,5822.024,13994.594,14004.756708179391,1819.5125,Norte de Veracruz (Tuxpan-Nautla),26592,1422.32,14306.97,0,14306.97,12
27,2014,14154.842,5822.024,13994.594,14004.756708179393,1538.35,Norte de Veracruz (Tuxpan-Nautla),26592,1422.32,14154.8,0,14154.8,12
27,2015,14154.841999999999,5822.024,13994.594,14004.756708179391,1388.2,Norte de Veracruz (Tuxpan-Nautla),26592,1422.32,14154.8,0,14154.8,12
27,2016,14377.948,6603.6089999999995,14218.948999999999,14211.057458564113,1570.8325,Norte de Veracruz (Tuxpan-Nautla),26592,1422,14377.9479014949,0,14377.9479014949,12
27,2017,14377.948,6603.6089999999995,14218.948999999999,14211.057458564113,1488.75,Norte de Veracruz (Tuxpan-Nautla),26592,1422,14377.9479014949,0,14377.9479014949,12
27,2018,14377.948,6603.6089999999995,14218.948999999999,14211.057458564113,1417.895,Norte de Veracruz (Tuxpan-Nautla),26592,1422.32,14377.9479014949,0,14377.9479014949,12
27,2019,14377.948,6603.6089999999995,14218.948999999999,14211.057458564113,1360.506734473605,Norte de Veracruz (Tuxpan-Nautla),26592,1422,14377.9479014949,0,14377.9479014949,12
27,2020,15020.697,3335.875,14821.431,14831.045088759558,1317.9156954237326,NA,NA,NA,NA,0,NA,NA
27,2021,14706.685871294976,3335.875,NA,14535.57377529992,1312.4496708949675,NA,NA,NA,NA,0,NA,NA
27,2022,14743.950533092087,3335.875,NA,14570.638260473515,1317.65169196919,NA,NA,NA,NA,0,NA,NA
27,2023,14748.630875573184,3335.875,NA,14575.042266618246,1316.6116373603425,NA,NA,NA,NA,0,NA,NA
28,2005,49951.39,21683.97,123620.256,127721.06836326394,1745.489525,NA,NA,NA,NA,0,NA,NA
28,2006,49951.39,21683.97,123620.256,127721.06836326394,1683.6261,Papaloapan,57355,1475.31298,50887.3,0,50887.3,12
28,2007,49951.39,21683.97,123620.256,127721.06836326394,1610.7941,Papaloapan,57355,1447.054603,49951.4,0,49951.4,12
28,2008,49951.39,21683.97,123620.256,127721.06836326394,1867.576575,Papaloapan,57355,1459.8557693,49951.4,0,49951.4,18
28,2009,49951.39,21683.97,123620.256,127721.06836326394,1357.796675,Papaloapan,57355,1460,49951.4,0,49951.4,18
28,2010,48176.49,20809.079999999998,116819.44,103873.93681720538,1850.2671249999999,Papaloapan,57355,1460,48176.49,0,48176.49,18
28,2011,48176.49,21890.642915584416,116819.44,109162.47779703102,1414.82049725,Papaloapan,57355,1440.17,48177,0,48177,18
28,2012,48176.49,21890.642915584416,116819.44,109162.47779703102,1861.162852,Papaloapan,57355,1440.17,48176.5,0,48176.5,18
28,2013,48180.875,20684.128,116946.401,103311.30321593751,1847.9625,Papaloapan,57355,1440.17,48176.5,0,48176.5,18
28,2014,48180.875,20684.128,116946.401,103311.30321593751,1566.1,Papaloapan,57355,1440.17,48180.9,0,48180.9,18
28,2015,48180.875,20684.128,116946.401,103311.30321593751,1813.6999999999998,Papaloapan,57355,1440.17,48180.9,0,48180.9,18
28,2016,47393.899,23477.83,113431.504,108294.92130456617,1689.4724999999999,Papaloapan,57355,1440,47393.898346327704,0,47393.898346327704,18
28,2017,47393.899,23477.83,113431.504,108294.92130456617,1786.4,Papaloapan,57355,1440,47393.898346327704,0,47393.898346327704,18
28,2018,47393.899,23477.83,113431.504,108294.92130456617,1911.5249999999999,Papaloapan,57355,1440.17,47393.898346327704,0,47393.898346327704,18
28,2019,47393.899,23477.83,113431.504,108294.92130456617,1499.32971243093,Papaloapan,57355,1440,47393.898346327704,0,47393.898346327704,18
28,2020,47420.892,21507.651,29751.916999999998,98958.90690633445,1498.48412810639,NA,NA,NA,NA,0,NA,NA
28,2021,47781.5133016493,21507.651,NA,102934.93778422417,1498.07917934418,NA,NA,NA,NA,0,NA,NA
28,2022,47654.69448905436,21507.651,NA,101536.69671396934,1497.56348576332,NA,NA,NA,NA,0,NA,NA
28,2023,47653.38245092312,21507.651,NA,101522.23083494639,1497.56348576332,NA,NA,NA,NA,0,NA,NA
29,2005,39481.58,225.07,127250.16,131749.94833855366,2172.0486,NA,NA,NA,NA,0,NA,NA
29,2006,39481.58,225.07,127250.16,131749.94833855366,2494.4173499999997,Coatzacoalcos,30217,1680.947132,44141.43,0,44141.43,0
29,2007,39481.58,225.07,127250.16,131749.94833855366,2299.93405,Coatzacoalcos,30217,1953.762452,39481.6,0,39481.6,9
29,2008,39481.58,225.07,127250.16,131749.94833855366,2550.3995,Coatzacoalcos,30217,1946.41585746,39481.6,0,39481.6,15
29,2009,39481.58,225.07,127250.16,131749.94833855366,1662.76055,Coatzacoalcos,30217,1946,39481.6,0,39481.6,15
29,2010,39481.58,225.07,127250.16,131749.94833855366,2467.0586000000003,Coatzacoalcos,30217,1946,39481.58,0,39481.58,15
29,2011,40068.02,260.50060606060606,129012.52,116949.58191703833,2490.942773,Coatzacoalcos,30217,2211.23,40068,0,40068,15
29,2012,40068.02,260.50060606060606,129012.52,116949.58191703833,1935.825937,Coatzacoalcos,30217,2211.23,40068,0,40068,15
29,2013,34700.217,249.928,117779.033,120997.34152846113,2612.09,Coatzacoalcos,30217,2211.23,40068.01,0,40068.01,15
29,2014,34700.217000000004,249.928,117779.033,120997.34152846113,2249,Coatzacoalcos,30217,2211.23,34700.2,0,34700.2,15
29,2015,34700.217000000004,249.928,117779.033,120997.34152846113,2428.9,Coatzacoalcos,30217,2211.23,34700.2,0,34700.2,15
29,2016,34707.709,283.299,118289.012,107018.64300946568,2036.42,Coatzacoalcos,30217,2211,34707.7076879562,0,34707.7076879562,15
29,2017,34707.709,283.299,118289.012,107018.64300946568,2116.1,Coatzacoalcos,30217,2211,34707.7076879562,0,34707.7076879562,15
29,2018,34707.709,283.299,118289.012,107018.64300946568,1848.725,Coatzacoalcos,30217,2211.23,34707.7076879562,0,34707.7076879562,15
29,2019,34707.709,283.299,118289.012,107018.64300946568,2241.33887657805,Coatzacoalcos,30217,2211,34707.7076879562,0,34707.7076879562,15
29,2020,34723.255000000005,324.59299999999996,57167.847,89721.54351135547,2278.08335215967,NA,NA,NA,NA,0,NA,NA
29,2021,34597.37498093695,324.59299999999996,NA,89712.60535868673,2248.30897855739,NA,NA,NA,NA,0,NA,NA
29,2022,34637.75764756952,324.59299999999996,NA,89715.47274337747,2252.15752015212,NA,NA,NA,NA,0,NA,NA
29,2023,34671.66036632729,324.59299999999996,NA,89717.88001721169,2255.38851092598,NA,NA,NA,NA,0,NA,NA
30,2005,71026.18,49959.66,394643.26,288978.55949085933,1755.39345,NA,NA,NA,NA,0,NA,NA
30,2006,71026.18000000001,49959.66,394643.26,410508.5885867652,1901.365,Grijalva-Usumacinta,102465,1872.153962,73465.6,44080,117545.6,2
30,2007,71026.18,49959.66,394643.26,410508.5885867652,1730.0772,Grijalva-Usumacinta,102465,1708.923315,73465.6,44080,117545.6,83
30,2008,71026.18,49959.66,394643.26,410508.5885867652,1976.2400499999999,Grijalva-Usumacinta,102465,1708.75468871,73465.6,44080,117545.6,83
30,2009,71026.18,49959.66,394643.26,410508.5885867652,1384.1639,Grijalva-Usumacinta,102465,1709,73465.59,44080,117545.79,83
30,2010,70876.4,49962.090000000004,394481.67,410019.25682171434,1953.10925,Grijalva-Usumacinta,102465,1709,73315.81000000001,44080,117396.01000000001,83
30,2011,70876.4,55883.0073974359,394481.67,370802.82517761784,2014.791684,Grijalva-Usumacinta,102465,1703.11,73316,44080,117396,83
30,2012,70876.4,55883.0073974359,394481.67,370802.82517761784,1775.531388,Grijalva-Usumacinta,102465,1703.11,73315.8,44080,117396,83
30,2013,56906.216,49963.030999999995,324208.047,365873.5690215968,2111.32,Grijalva-Usumacinta,102465,1703.11,73315.8,44080,117396,83
30,2014,56906.216,49963.030999999995,324208.047,365873.5690215968,1775.2,Grijalva-Usumacinta,102465,1703.11,59297.4,44080,103377.6,83
30,2015,56906.216,49963.030999999995,324208.047,365873.5690215968,1528.3,Grijalva-Usumacinta,102465,1703.11,59297.4,44080,103377.6,83
30,2016,59108.356,62443.104,329330.627,290171.18260279996,1461.745,Grijalva-Usumacinta,102465,1703,61881.0447132629,44080,105961.244713263,83
30,2017,59108.356,62443.104,329330.627,290171.18260279996,1594.3,Grijalva-Usumacinta,102465,1703,61881.0447132629,44080,105961.244713263,83
30,2018,59108.356,62443.104,329330.627,290171.18260279996,1387.05,Grijalva-Usumacinta,102465,1703.11,61881.0447132629,44080,105961.244713263,83
30,2019,59108.356,62443.104,329330.627,290171.18260279996,1599.50068990086,Grijalva-Usumacinta,102465,1703,61881.0447132629,44080,105961.244713263,83
30,2020,70017.324,71115.598,40002.708,145667.40850914136,1728.86116743957,NA,NA,NA,NA,0,NA,NA
30,2021,65522.26982688424,71115.598,NA,131465.07285397203,1702.17930290538,NA,NA,NA,NA,0,NA,NA
30,2022,63830.13914716734,71115.598,NA,126118.70616734069,1649.75704761267,NA,NA,NA,NA,0,NA,NA
30,2023,64758.61354008795,71115.598,NA,129052.26480037213,1680.35199104639,NA,NA,NA,NA,0,NA,NA
31,2005,610.3520000000001,0.078,1094.188,1094.3875975637318,1398.3434,NA,NA,NA,NA,0,NA,NA
31,2006,610.352,0.078,1094.188,1094.3875975637316,1511.5652,Yucatán Oeste,25443,1140.595799,590.6,0,590.6,2
31,2007,610.352,0.078,1094.188,1094.3875975637316,1402.2725,Yucatán Oeste,25443,1227.415277,590.6,0,590.6,2
31,2008,610.3520000000001,0.078,1094.188,1094.3875975637318,1316.0375,Yucatán Oeste,25443,1228.5532973,590.6,0,590.6,2
31,2009,610.352,0.078,1094.188,1094.3875975637316,1211.6248,Yucatán Oeste,25443,1229,590.6,0,590.6,2
31,2010,726.482,0.117,1318.257,1319.8708048030455,1307.2559,Yucatán Oeste,25443,1229,706.76,0,706.76,2
31,2011,726.482,1.0677692307692308,1318.257,1312.5903689331244,1204.584788,Yucatán Oeste,25443,1175.22,707,0,707,2
31,2012,726.482,1.0677692307692308,1318.257,1312.5903689331244,1105.574644,Yucatán Oeste,25443,1175.22,706.8,0,706.8,2
31,2013,726.482,0.11800000000000001,1318.268,1319.8631473866776,1550.31,Yucatán Oeste,25443,1175.22,706.8,0,706.8,2
31,2014,726.482,0.11800000000000001,1318.268,1319.8631473866776,1291.3,Yucatán Oeste,25443,1175.22,706.8,0,706.8,2
31,2015,726.482,0.11800000000000001,1318.268,1319.8631473866776,1157.5,Yucatán Oeste,25443,1175.22,706.8,0,706.8,2
31,2016,755.9270000000001,2.612,1363.536,1358.013001834802,1265.15,Yucatán Oeste,25443,1175,755.928545869693,0,755.928545869693,7
31,2017,755.9270000000001,2.612,1363.536,1358.013001834802,1461.3,Yucatán Oeste,25443,1175,755.928545869693,0,755.928545869693,7
31,2018,755.927,2.612,1363.536,1358.0130018348018,1400.84,Yucatán Oeste,25443,1175.22,755.928545869693,0,755.928545869693,7
31,2019,755.9270000000001,2.612,1363.536,1358.013001834802,NA,Yucatán Oeste,25443,1175,755.928545869693,0,755.928545869693,7
31,2020,755.9270000000001,2.65,1331.694,1357.7220200128165,NA,NA,NA,NA,NA,0,NA,NA
31,2021,755.9270000000001,2.65,NA,1357.7220200128165,NA,NA,NA,NA,NA,0,NA,NA
31,2022,755.9270000000001,2.65,NA,1357.7220200128165,NA,NA,NA,NA,NA,0,NA,NA
31,2023,755.9270000000001,2.65,NA,1357.7220200128165,NA,NA,NA,NA,NA,0,NA,NA
33,2005,1094.8709999999999,0.561,1094.1299999999999,1112.4557981520877,1220.13245,NA,NA,NA,NA,0,NA,NA
33,2006,1094.871,0.561,1094.1299999999999,1089.557983923107,1272.3121,Yucatán Este,38308,1224.221617,1124.8,864,1988.8,1
33,2007,1094.871,0.561,1094.1299999999999,1089.557983923107,1346.2824500000002,Yucatán Este,38308,1239.811065,1124.8,864,1988.8,1
33,2008,1094.871,0.561,1094.1299999999999,1089.557983923107,1387.358,Yucatán Este,38308,1243.43766754,1124.8,864,1988.8,1
33,2009,1094.871,0.561,1094.1299999999999,1089.557983923107,1141.88725,Yucatán Este,38308,1243,1124.8,864,1989.2,1
33,2010,1078.911,0.5810000000000001,1078.33,1077.6562024411342,1243.5841,Yucatán Este,38308,1243,1109.14,864,1973.54,1
33,2011,1078.911,0.7374615384615385,1078.33,1079.4009647673108,1255.718057,Yucatán Este,38308,1210.34,1109,864,1973,1
33,2012,1078.911,0.7374615384615385,1078.33,1079.4009647673108,1311.503187,Yucatán Este,38308,1210.34,1108.8,864,1973.2,1
33,2013,1078.9109999999998,0.5800000000000001,1078.33,1077.6450510595018,1672.995,Yucatán Este,38308,1210.34,1108.8,864,1973.2,1
33,2014,1078.911,0.5800000000000001,1078.33,1077.6450510595018,1294.4499999999998,Yucatán Este,38308,1210.34,576.1,864,1440.5,1
33,2015,1078.911,0.5800000000000001,1078.33,1077.6450510595018,1343.5,Yucatán Este,38308,1210.34,576.1,864,1440.5,1
33,2016,1077.814,1.0030000000000001,1076.81,1081.5286947883303,1235.855,Yucatán Este,38308,1210,1077.81302026597,864,1942.21302026597,6
33,2017,1077.814,1.0030000000000001,1076.81,1081.5286947883303,1067.25,Yucatán Este,38308,1210,1077.81302026597,864,1942.21302026597,6
33,2018,1077.814,1.0030000000000001,1076.81,1081.5286947883303,1213.295,Yucatán Este,38308,1210.34,1077.81302026597,864,1942.21302026597,6
33,2019,1077.814,1.0030000000000001,1076.81,1081.5286947883303,NA,Yucatán Este,38308,1210,1077.81302026597,864,1942.21302026597,6
33,2020,1077.814,1.034,1123.098,1104.7722018479155,NA,NA,NA,NA,NA,0,NA,NA
33,2021,1077.814,1.034,NA,1104.7722018479155,NA,NA,NA,NA,NA,0,NA,NA
33,2022,1077.814,1.034,NA,1104.7722018479155,NA,NA,NA,NA,NA,0,NA,NA
33,2023,1077.814,1.034,NA,1104.7722018479155,NA,NA,NA,NA,NA,0,NA,NA
34,2005,1701.38,217.23,1652.99,1656.255088006251,463.7579,NA,NA,NA,NA,0,NA,NA
34,2006,1701.3799999999999,217.23,1652.99,1656.2550880062506,493.0789,Cuencas Cerradas del Norte,90829,422.4611158,1701.3,0,1701.3,0
34,2007,1701.3799999999999,217.23,1652.99,1656.2550880062506,421.217475,Cuencas Cerradas del Norte,90829,407.7611297,1701.3,0,1701.3,0
34,2008,1701.38,217.23,1652.99,1656.255088006251,434.22195,Cuencas Cerradas del Norte,90829,404.27511317,1701.3,0,1701.3,0
34,2009,1701.38,217.23,1652.99,1656.255088006251,316.9979,Cuencas Cerradas del Norte,90829,404,1701.3,0,1701.3,22
34,2010,1701.38,217.23,1652.99,1656.255088006251,363.4431,Cuencas Cerradas del Norte,90829,404,1701.38,0,1701.38,22
34,2011,1701.38,226.3499,1652.99,1643.1113133618726,249.6552235,Cuencas Cerradas del Norte,90829,298.38,1701,0,1701,22
34,2012,1701.38,226.3499,1652.99,1643.1113133618726,269.28820675,Cuencas Cerradas del Norte,90829,298.38,1701.3,0,1701.3,22
34,2013,1260.586,201.734,1170.143,1169.5427773449935,415.275,Cuencas Cerradas del Norte,90829,298.38,1701.3,0,1701.3,22
34,2014,1260.586,201.734,1170.143,1169.5427773449935,387.4,Cuencas Cerradas del Norte,90829,298.38,1260.6,0,1260.6,22
34,2015,1260.586,201.734,1170.143,1169.5427773449935,452.7,Cuencas Cerradas del Norte,90829,298.38,1260.6,0,1260.6,22
34,2016,1254.949,213.14000000000001,1146.356,1146.5944125611725,406.45000000000005,Cuencas Cerradas del Norte,90829,298,1254.94981685585,0,1254.94981685585,22
34,2017,1254.949,213.14000000000001,1146.356,1146.5944125611725,406.9,Cuencas Cerradas del Norte,90829,298,1254.94981685585,0,1254.94981685585,22
34,2018,1254.949,213.14000000000001,1146.356,1146.5944125611725,454.41,Cuencas Cerradas del Norte,90829,298.38,1254.94981685585,0,1254.94981685585,22
34,2019,1254.949,213.14000000000001,1146.356,1146.5944125611725,345.3538109488635,Cuencas Cerradas del Norte,90829,298,1254.94981685585,0,1254.94981685585,22
34,2020,1338.427,371.277,1014.074,1015.087862959077,358.13688310431496,NA,NA,NA,NA,0,NA,NA
34,2021,1307.8612255231722,371.277,NA,979.7893602494046,355.151814200685,NA,NA,NA,NA,0,NA,NA
34,2022,1316.1683205143736,371.277,NA,989.3827050959005,355.741441495819,NA,NA,NA,NA,0,NA,NA
34,2023,1323.290544780225,371.277,NA,997.6077167911756,355.6155239320745,NA,NA,NA,NA,0,NA,NA
35,2005,957.3900000000001,28.089,278.78,278.9658872293273,191.2884,NA,NA,NA,NA,0,NA,NA
35,2006,957.39,28.089,278.78,278.9658872293273,350.9569,Mapimí,62639,383.740433,952.2,0,952.2,0
35,2007,957.3899999999999,28.089,278.78,278.9658872293272,297.4401,Mapimí,62639,355.7041184,957.4,0,957.4,0
35,2008,957.3900000000001,28.089,278.78,278.9658872293273,369.4094,Mapimí,62639,360.80386193,957.4,0,957.4,6
35,2009,957.3900000000001,28.089,278.78,278.9658872293273,365.6794,Mapimí,62639,361,957.4,0,957.4,6
35,2010,957.3900000000001,28.089,278.78,278.9658872293273,296.8436,Mapimí,62639,361,957.39,0,957.39,6
35,2011,957.39,32.930454545454545,278.78,277.634850166493,109.903167,Mapimí,62639,291.76,957,0,957,6
35,2012,568.385,32.930454545454545,161.718,160.73670606158905,214.419519,Mapimí,62639,291.76,568.4,0,568.4,6
35,2013,568.385,29.328,161.718,161.72711100542512,308.67,Mapimí,62639,291.76,957.4,0,957.4,6
35,2014,568.385,29.328,161.718,161.72711100542512,301.9,Mapimí,62639,291.76,568.4,0,568.4,6
35,2015,568.385,29.328,161.718,161.72711100542512,335.5,Mapimí,62639,291.76,568.4,0,568.4,6
35,2016,580.542,38.522,162.607,162.85269565735848,384.7,Mapimí,62639,292,580.542787084824,0,580.542787084824,6
35,2017,580.542,38.522,162.607,162.85269565735848,203.8,Mapimí,62639,292,580.542787084824,0,580.542787084824,6
35,2018,580.542,38.522,162.607,162.85269565735848,356.74,Mapimí,62639,291.76,580.542787084823,0,580.542787084823,6
35,2019,580.542,38.522,162.607,162.85269565735848,196.224744927614,Mapimí,62639,292,580.542787084823,0,580.542787084823,6
35,2020,224.969,35.896,56.722,56.723004750243575,194.322689908504,NA,NA,NA,NA,0,NA,NA
35,2021,399.94183132798344,35.896,NA,109.30330384928254,194.322689896061,NA,NA,NA,NA,0,NA,NA
35,2022,399.94183132798344,35.896,NA,109.30330384928254,194.322689896061,NA,NA,NA,NA,0,NA,NA
35,2023,399.94183132798344,35.896,NA,109.30330384928254,194.322689896061,NA,NA,NA,NA,0,NA,NA
36,2005,1911.59,1158.32,2615.39,2641.182675667689,329.7188,NA,NA,NA,NA,0,NA,NA
36,2006,1911.59,1158.32,2615.39,2641.182675667689,488.318425,Nazas-Aguanaval,93032,464.6095569,2508,0,2508,0
36,2007,1911.5900000000001,1158.32,2615.39,2641.182675667691,370.6705,Nazas-Aguanaval,93032,422.0736565,1911.6,0,1911.6,0
36,2008,1911.59,1158.32,2615.39,2641.182675667689,437.49512500000003,Nazas-Aguanaval,93032,425.34497283,1911.6,0,1911.6,16
36,2009,1911.5900000000001,1158.32,2615.39,2641.182675667691,461.9954,Nazas-Aguanaval,93032,425,1911.6,0,1911.6,16
36,2010,1911.5900000000001,1158.32,2615.39,2641.182675667691,371.27265,Nazas-Aguanaval,93032,425,1911.59,0,1911.59,16
36,2011,1911.59,1181.3106363636364,2615.39,2395.8708931455203,167.182011,Nazas-Aguanaval,93032,393.1,1912,0,1912,16
36,2012,1911.59,1181.3106363636364,2615.39,2395.8708931455203,255.54022675,Nazas-Aguanaval,93032,393.1,1911.6,0,1911.6,16
36,2013,2084.931,1173.003,3373.064,3554.5310702422375,386.94,Nazas-Aguanaval,93032,393.1,1911.6,0,1911.6,16
36,2014,2084.931,1173.003,3373.064,3554.5310702422375,403.6,Nazas-Aguanaval,93032,393.1,2084.9,0,2084.9,16
36,2015,2084.931,1173.003,3373.064,3554.5310702422375,478.375,Nazas-Aguanaval,93032,393.1,2084.9,0,2084.9,16
36,2016,2101.292,1186.057,3614.46,3516.238786400012,437.9275,Nazas-Aguanaval,93032,393,2101.2916823466,0,2101.2916823466,16
36,2017,2101.292,1186.057,3614.46,3516.238786400012,413.275,Nazas-Aguanaval,93032,393,2101.2916823466,0,2101.2916823466,16
36,2018,2101.292,1186.057,3614.46,3516.238786400012,444.105,Nazas-Aguanaval,93032,393.1,2101.2916823466,0,2101.2916823466,16
36,2019,2101.292,1186.057,3614.46,3516.238786400012,346.184773871423,Nazas-Aguanaval,93032,393,2101.2916823466,0,2101.2916823466,16
36,2020,1762.184,1256.22,541.548,674.313803376037,348.659295264309,NA,NA,NA,NA,0,NA,NA
36,2021,1930.117867284095,1256.22,NA,1710.953186032686,349.80784680517,NA,NA,NA,NA,0,NA,NA
36,2022,1942.1044217188426,1256.22,NA,1784.945017402808,349.15951947521125,NA,NA,NA,NA,0,NA,NA
36,2023,1962.0509452080748,1256.22,NA,1908.072961339476,349.3784420309327,NA,NA,NA,NA,0,NA,NA
37,2005,2636.85,28.5,810.9599999999999,773.5441469650868,293.4878,NA,NA,NA,NA,0,NA,NA
37,2006,2636.85,28.5,810.9599999999999,773.5441469650868,438.29445,El Salado,87801,703.3670433,2636.9,0,2636.9,0
37,2007,2636.85,28.5,810.9599999999999,773.5441469650868,465.18435,El Salado,87801,428.2338764,2636.9,0,2636.9,8
37,2008,2636.85,28.5,810.9599999999999,773.5441469650868,595.4394500000001,El Salado,87801,430.63903479,2636.9,0,2636.9,8
37,2009,2636.85,28.5,810.9599999999999,773.5441469650868,405.984,El Salado,87801,431,2636.9,0,2636.9,8
37,2010,2876.16,34.58,718.02,783.0080576059576,415.8966,El Salado,87801,431,2876.16,0,2876.16,8
37,2011,2876.16,44.9435,718.02,732.5920678798375,220.69308949999999,El Salado,87801,392.58,2876,0,2876,8
37,2012,2876.16,44.9435,718.02,732.5920678798375,321.0614845,El Salado,87801,392.58,2876.2,0,2876.2,8
37,2013,2876.16,34.574,718.018,783.0372461945962,506.82,El Salado,87801,392.58,2876.2,0,2876.2,8
37,2014,2876.16,34.574,718.018,783.0372461945962,461.5,El Salado,87801,392.58,2876.2,0,2876.2,8
37,2015,2876.16,34.574,718.018,783.0372461945962,715.9,El Salado,87801,392.58,2876.2,0,2876.2,8
37,2016,2869.01,55.26,711.058,681.2382517654355,431.23,El Salado,87801,393,2869.01055122299,0,2869.01055122299,8
37,2017,2869.01,55.26,711.058,681.2382517654355,418.7,El Salado,87801,393,2869.01055122299,0,2869.01055122299,8
37,2018,2869.01,55.26,711.058,681.2382517654355,622.975,El Salado,87801,392.58,2869.01055122299,0,2869.01055122299,8
37,2019,2869.01,55.26,711.058,681.2382517654355,376.721704424895,El Salado,87801,393,2869.01055122299,0,2869.01055122299,8
37,2020,218.779,94.48,40.908,58.07632616340459,395.9602376075555,NA,NA,NA,NA,0,NA,NA
37,2021,1597.627242457371,94.48,NA,283.0253566541953,390.105249147289,NA,NA,NA,NA,0,NA,NA
37,2022,1600.6745089154535,94.48,NA,283.52249594355703,391.605846922134,NA,NA,NA,NA,0,NA,NA
37,2023,1607.4383473734033,94.48,NA,284.62596683807715,391.1724291571785,NA,NA,NA,NA,0,NA,NA
