"","id_rh","Nombre_rh","Area_Km2","PrecipitacionNormal","EscurrimientoNaturalMedioSuperficial","ImportacionesExportacionesOtrosPaises","EscurrimientoNaturalMedioSuperficialTotal","No_Cuencas","anio"
"1","1","B.C. Noroeste","28492","209.000000000000","352.675777680980","","352.675777680980","16",2019
"2","2","B.C. Centro-Oeste","44314","116.000000000000","243.056706876721","","243.056706876721","16",2019
"3","3","B.C. Suroeste","29722","200.000000000000","356.070204710457","","356.070204710457","15",2019
"4","4","B.C. Noreste","14418","151.000000000000","122.271235789017","","122.271235789017","8",2019
"5","5","B.C. Centro-Este","13626","132.000000000000","95.201549464598","","95.201549464598","15",2019
"6","6","B.C. Sureste","11558","291.000000000000","185.736699908789","","185.736699908789","14",2019
"7","7","Río Colorado","6911","98.000000000000","71.754718280882","1850","1921.954718280880","4",2019
"8","8","Sonora Norte","61429","297.000000000000","180.305470615999","","180.305470615999","9",2019
"9","9","Sonora Sur","139370","483.000000000000","4828.254875439570","","4828.254875439570","16",2019
"10","10","Sinaloa","103483","747.000000000000","14695.809607195300","","14695.809607195300","30",2019
"11","11","Presidio-San Pedro","51717","819.000000000000","8840.843036876930","","8840.843036876930","26",2019
"12","12","Lerma-Santiago","132916","717.000000000000","13061.619196414000","","13061.619196414000","58",2019
"13","13","Río Huicicila","5225","1400.000000000000","1266.021390500710","","1266.021390500710","6",2019
"14","14","Río Ameca","12255","1063.000000000000","2230.620103723190","","2230.620103723190","9",2019
"15","15","Costa de Jalisco","12967","1144.000000000000","3590.705877932620","","3590.705877932620","11",2019
"16","16","Armería-Coahuayana","17628","866.000000000000","3479.659956695150","","3479.659956695150","10",2019
"17","17","Costa de Michoacán","9205","944.000000000000","1612.063720784750","","1612.063720784750","6",2019
"18","18","Balsas","118268","947.000000000000","16797.684979408400","","16797.684979408400","15",2019
"19","19","Costa Grande de Guerrero","12132","1215.000000000000","5171.322623458000","","5171.322623458000","28",2019
"20","20","Costa Chica de Guerrero","39936","1282.000000000000","18259.650665828600","","18259.650665828600","32",2019
"21","21","Costa de Oaxaca","10514","951.000000000000","2894.434174830540","","2894.434174830540","19",2019
"22","22","Tehuantepec","16363","884.000000000000","2574.764319265510","","2574.764319265510","15",2019
"23","23","Costa de Chiapas","12293","2220.000000000000","12551.013724752800","1586","14137.013724752800","25",2019
"24","24","Bravo-Conchos","229740","399.000000000000","5671.814892257040","-432","5239.814892257040","37",2019
"25","25","San Fernando-Soto la Marina","54961","703.000000000000","4713.170891374940","","4713.170891374940","45",2019
"26","26","Pánuco","96989","855.000000000000","20223.563594979100","","20223.563594979100","77",2019
"27","27","Norte de Veracruz (Tuxpan-Nautla)","26592","1422.000000000000","14377.947901494900","","14377.947901494900","12",2019
"28","28","Papaloapan","57355","1440.000000000000","47393.898346327700","","47393.898346327700","18",2019
"29","29","Coatzacoalcos","30217","2211.000000000000","34707.707687956200","","34707.707687956200","15",2019
"30","30","Grijalva-Usumacinta","102465","1703.000000000000","61881.044713262900","44080","105961.244713263000","83",2019
"31","31","Yucatán Oeste","25443","1175.000000000000","755.928545869693","","755.928545869693","7",2019
"32","32","Yucatán Norte","58135","1143.000000000000","21.529162414410","","21.529162414410","2",2019
"33","33","Yucatán Este","38308","1210.000000000000","1077.813020265970","864","1942.213020265970","6",2019
"34","34","Cuencas Cerradas del Norte","90829","298.000000000000","1254.949816855850","","1254.949816855850","22",2019
"35","35","Mapimí","62639","292.000000000000","580.542787084823","","580.542787084823","6",2019
"36","36","Nazas-Aguanaval","93032","393.000000000000","2101.291682346600","","2101.291682346600","16",2019
"37","37","El Salado","87801","393.000000000000","2869.010551222990","","2869.010551222990","8",2019
"38","1","B.C. Noroeste","28492","208.980000000000","352.675777680980","","352.675777680980","16",2018
"39","2","B.C. Centro-Oeste","44314","116.440000000000","243.056706876721","","243.056706876721","16",2018
"40","3","B.C. Suroeste","29722","200.130000000000","356.070204710457","","356.070204710457","15",2018
"41","4","B.C. Noreste","14418","150.630000000000","122.271235789017","","122.271235789017","8",2018
"42","5","B.C. Centro-Este","13626","131.820000000000","95.201549464598","","95.201549464598","15",2018
"43","6","B.C. Sureste","11558","290.660000000000","185.736699908789","","185.736699908789","14",2018
"44","7","Río Colorado","6911","98.390000000000","71.754718280882","1850","1921.954718280880","4",2018
"45","8","Sonora Norte","61429","297.050000000000","180.305470615999","","180.305470615999","9",2018
"46","9","Sonora Sur","139370","482.690000000000","4828.254875439570","","4828.254875439570","16",2018
"47","10","Sinaloa","103483","747.420000000000","14695.809607195300","","14695.809607195300","30",2018
"48","11","Presidio-San Pedro","51717","819.020000000000","8840.843036876930","","8840.843036876930","26",2018
"49","12","Lerma-Santiago","132916","717.120000000000","13061.619196414000","","13061.619196414000","58",2018
"50","13","Río Huicicila","5225","1399.550000000000","1266.021390500710","","1266.021390500710","6",2018
"51","14","Río Ameca","12255","1062.510000000000","2230.620103723190","","2230.620103723190","9",2018
"52","15","Costa de Jalisco","12967","1143.540000000000","3590.705877932620","","3590.705877932620","11",2018
"53","16","Armería-Coahuayana","17628","865.590000000000","3479.659956695150","","3479.659956695150","10",2018
"54","17","Costa de Michoacán","9205","943.780000000000","1612.063720784750","","1612.063720784750","6",2018
"55","18","Balsas","118268","947.020000000000","16797.684979408400","","16797.684979408400","15",2018
"56","19","Costa Grande de Guerrero","12132","1214.640000000000","5171.322623458000","","5171.322623458000","28",2018
"57","20","Costa Chica de Guerrero","39936","1281.770000000000","18259.650665828600","","18259.650665828600","32",2018
"58","21","Costa de Oaxaca","10514","950.520000000000","2894.434174830540","","2894.434174830540","19",2018
"59","22","Tehuantepec","16363","883.750000000000","2574.764319265510","","2574.764319265510","15",2018
"60","23","Costa de Chiapas","12293","2220.310000000000","12551.013724752800","1586","14137.013724752800","25",2018
"61","24","Bravo-Conchos","229740","399.330000000000","5671.814892257040","-432","5239.814892257040","37",2018
"62","25","San Fernando-Soto la Marina","54961","702.570000000000","4713.170891374940","","4713.170891374940","45",2018
"63","26","Pánuco","96989","854.870000000000","20223.563594979100","","20223.563594979100","77",2018
"64","27","Norte de Veracruz (Tuxpan-Nautla)","26592","1422.320000000000","14377.947901494900","","14377.947901494900","12",2018
"65","28","Papaloapan","57355","1440.170000000000","47393.898346327700","","47393.898346327700","18",2018
"66","29","Coatzacoalcos","30217","2211.230000000000","34707.707687956200","","34707.707687956200","15",2018
"67","30","Grijalva-Usumacinta","102465","1703.110000000000","61881.044713262900","44080","105961.244713263000","83",2018
"68","31","Yucatán Oeste","25443","1175.220000000000","755.928545869693","","755.928545869693","7",2018
"69","32","Yucatán Norte","58135","1143.120000000000","21.529162414410","","21.529162414410","2",2018
"70","33","Yucatán Este","38308","1210.340000000000","1077.813020265970","864","1942.213020265970","6",2018
"71","34","Cuencas Cerradas del Norte","90829","298.380000000000","1254.949816855850","","1254.949816855850","22",2018
"72","35","Mapimí","62639","291.760000000000","580.542787084823","","580.542787084823","6",2018
"73","36","Nazas-Aguanaval","93032","393.100000000000","2101.291682346600","","2101.291682346600","16",2018
"74","37","El Salado","87801","392.580000000000","2869.010551222990","","2869.010551222990","8",2018
"75","1","B.C. Noroeste","28492","209.000000000000","352.675777680980","","352.675777680980","16",2017
"76","2","B.C. Centro-Oeste","44314","116.000000000000","243.056706876721","","243.056706876721","16",2017
"77","3","B.C. Suroeste","29722","200.000000000000","356.070204710457","","356.070204710457","15",2017
"78","4","B.C. Noreste","14418","151.000000000000","122.271235789017","","122.271235789017","8",2017
"79","5","B.C. Centro-Este","13626","132.000000000000","95.201549464597","","95.201549464597","15",2017
"80","6","B.C. Sureste","11558","291.000000000000","185.736699908789","","185.736699908789","14",2017
"81","7","Río Colorado","6911","98.000000000000","71.754718280881","1850","1921.954718280880","4",2017
"82","8","Sonora Norte","61429","297.000000000000","180.305470615999","","180.305470615999","9",2017
"83","9","Sonora Sur","139370","483.000000000000","4828.254875439570","","4828.254875439570","16",2017
"84","10","Sinaloa","103483","747.000000000000","14695.809607195300","","14695.809607195300","30",2017
"85","11","Presidio-San Pedro","51717","819.000000000000","8840.843036876930","","8840.843036876930","26",2017
"86","12","Lerma-Santiago","132916","717.000000000000","13061.619196414000","","13061.619196414000","58",2017
"87","13","Río Huicicila","5225","1400.000000000000","1266.021390500710","","1266.021390500710","6",2017
"88","14","Río Ameca","12255","1063.000000000000","2230.620103723190","","2230.620103723190","9",2017
"89","15","Costa de Jalisco","12967","1144.000000000000","3590.705877932620","","3590.705877932620","11",2017
"90","16","Armería-Coahuayana","17628","866.000000000000","3479.659956695150","","3479.659956695150","10",2017
"91","17","Costa de Michoacán","9205","944.000000000000","1612.063720784750","","1612.063720784750","6",2017
"92","18","Balsas","118268","947.000000000000","16797.684979408400","","16797.684979408400","15",2017
"93","19","Costa Grande de Guerrero","12132","1215.000000000000","5171.322623458000","","5171.322623458000","28",2017
"94","20","Costa Chica de Guerrero","39936","1282.000000000000","18259.650665828600","","18259.650665828600","32",2017
"95","21","Costa de Oaxaca","10514","951.000000000000","2894.434174830540","","2894.434174830540","19",2017
"96","22","Tehuantepec","16363","884.000000000000","2574.764319265510","","2574.764319265510","15",2017
"97","23","Costa de Chiapas","12293","2220.000000000000","12551.013724752800","1586","14137.013724752800","25",2017
"98","24","Bravo-Conchos","229740","399.000000000000","5671.814892257040","-432","5239.814892257040","37",2017
"99","25","San Fernando-Soto la Marina","54961","703.000000000000","4713.170891374940","","4713.170891374940","45",2017
"100","26","Pánuco","96989","855.000000000000","20223.563594979100","","20223.563594979100","77",2017
"101","27","Norte de Veracruz (Tuxpan-Nautla)","26592","1422.000000000000","14377.947901494900","","14377.947901494900","12",2017
"102","28","Papaloapan","57355","1440.000000000000","47393.898346327700","","47393.898346327700","18",2017
"103","29","Coatzacoalcos","30217","2211.000000000000","34707.707687956200","","34707.707687956200","15",2017
"104","30","Grijalva-Usumacinta","102465","1703.000000000000","61881.044713262900","44080","105961.244713263000","83",2017
"105","31","Yucatán Oeste","25443","1175.000000000000","755.928545869693","","755.928545869693","7",2017
"106","32","Yucatán Norte","58135","1143.000000000000","21.529162414409","","21.529162414409","2",2017
"107","33","Yucatán Este","38308","1210.000000000000","1077.813020265970","864","1942.213020265970","6",2017
"108","34","Cuencas Cerradas del Norte","90829","298.000000000000","1254.949816855850","","1254.949816855850","22",2017
"109","35","Mapimí","62639","292.000000000000","580.542787084824","","580.542787084824","6",2017
"110","36","Nazas-Aguanaval","93032","393.000000000000","2101.291682346600","","2101.291682346600","16",2017
"111","37","El Salado","87801","393.000000000000","2869.010551222990","","2869.010551222990","8",2017
"112","1","B.C. Noroeste","28492","209.000000000000","352.675777680980","","352.675777680980","16",2016
"113","2","B.C. Centro-Oeste","44314","116.000000000000","243.056706876721","","243.056706876721","16",2016
"114","3","B.C. Suroeste","29722","200.000000000000","356.070204710457","","356.070204710457","15",2016
"115","4","B.C. Noreste","14418","151.000000000000","122.271235789017","","122.271235789017","8",2016
"116","5","B.C. Centro-Este","13626","132.000000000000","95.201549464597","","95.201549464597","15",2016
"117","6","B.C. Sureste","11558","291.000000000000","185.736699908789","","185.736699908789","14",2016
"118","7","Río Colorado","6911","98.000000000000","71.754718280881","1850","1921.954718280880","4",2016
"119","8","Sonora Norte","61429","297.000000000000","180.305470615999","","180.305470615999","9",2016
"120","9","Sonora Sur","139370","483.000000000000","4828.254875439570","","4828.254875439570","16",2016
"121","10","Sinaloa","103483","747.000000000000","14695.809607195300","","14695.809607195300","30",2016
"122","11","Presidio-San Pedro","51717","819.000000000000","8840.843036876930","","8840.843036876930","26",2016
"123","12","Lerma-Santiago","132916","717.000000000000","13061.619196414000","","13061.619196414000","58",2016
"124","13","Río Huicicila","5225","1400.000000000000","1266.021390500710","","1266.021390500710","6",2016
"125","14","Río Ameca","12255","1063.000000000000","2230.620103723190","","2230.620103723190","9",2016
"126","15","Costa de Jalisco","12967","1144.000000000000","3590.705877932620","","3590.705877932620","11",2016
"127","16","Armería-Coahuayana","17628","866.000000000000","3479.659956695150","","3479.659956695150","10",2016
"128","17","Costa de Michoacán","9205","944.000000000000","1612.063720784750","","1612.063720784750","6",2016
"129","18","Balsas","118268","947.000000000000","16797.684979408400","","16797.684979408400","15",2016
"130","19","Costa Grande de Guerrero","12132","1215.000000000000","5171.322623458000","","5171.322623458000","28",2016
"131","20","Costa Chica de Guerrero","39936","1282.000000000000","18259.650665828600","","18259.650665828600","32",2016
"132","21","Costa de Oaxaca","10514","951.000000000000","2894.434174830540","","2894.434174830540","19",2016
"133","22","Tehuantepec","16363","884.000000000000","2574.764319265510","","2574.764319265510","15",2016
"134","23","Costa de Chiapas","12293","2220.000000000000","12551.013724752800","1586","14137.013724752800","25",2016
"135","24","Bravo-Conchos","229740","399.000000000000","5671.814892257040","-432","5239.814892257040","37",2016
"136","25","San Fernando-Soto la Marina","54961","703.000000000000","4713.170891374940","","4713.170891374940","45",2016
"137","26","Pánuco","96989","855.000000000000","20223.563594979100","","20223.563594979100","77",2016
"138","27","Norte de Veracruz (Tuxpan-Nautla)","26592","1422.000000000000","14377.947901494900","","14377.947901494900","12",2016
"139","28","Papaloapan","57355","1440.000000000000","47393.898346327700","","47393.898346327700","18",2016
"140","29","Coatzacoalcos","30217","2211.000000000000","34707.707687956200","","34707.707687956200","15",2016
"141","30","Grijalva-Usumacinta","102465","1703.000000000000","61881.044713262900","44080","105961.244713263000","83",2016
"142","31","Yucatán Oeste","25443","1175.000000000000","755.928545869693","","755.928545869693","7",2016
"143","32","Yucatán Norte","58135","1143.000000000000","21.529162414409","","21.529162414409","2",2016
"144","33","Yucatán Este","38308","1210.000000000000","1077.813020265970","864","1942.213020265970","6",2016
"145","34","Cuencas Cerradas del Norte","90829","298.000000000000","1254.949816855850","","1254.949816855850","22",2016
"146","35","Mapimí","62639","292.000000000000","580.542787084824","","580.542787084824","6",2016
"147","36","Nazas-Aguanaval","93032","393.000000000000","2101.291682346600","","2101.291682346600","16",2016
"148","37","El Salado","87801","393.000000000000","2869.010551222990","","2869.010551222990","8",2016
"149","1","B.C. Noroeste","28492","208.980000000000","336.700000000000","","336.700000000000","16",2015
"150","2","B.C. Centro-Oeste","44314","116.440000000000","251.000000000000","","251.000000000000","16",2015
"151","3","B.C. Suroeste","29722","200.130000000000","361.600000000000","","361.600000000000","15",2015
"152","4","B.C. Noreste","14418","150.630000000000","121.900000000000","","121.900000000000","8",2015
"153","5","B.C. Centro-Este","13626","131.820000000000","100.900000000000","","100.900000000000","15",2015
"154","6","B.C. Sureste","11558","290.660000000000","199.500000000000","","199.500000000000","14",2015
"155","7","Río Colorado","6911","98.390000000000","77.900000000000","1850","1928.100000000000","4",2015
"156","8","Sonora Norte","61429","297.050000000000","132.200000000000","","132.200000000000","5",2015
"157","9","Sonora Sur","139370","482.690000000000","4934.300000000000","","4934.300000000000","16",2015
"158","10","Sinaloa","103483","747.420000000000","14318.800000000000","","14318.800000000000","23",2015
"159","11","Presidio-San Pedro","51717","819.020000000000","8200.600000000000","","8200.600000000000","23",2015
"160","12","Lerma-Santiago","132916","717.120000000000","13179.700000000000","","13179.700000000000","58",2015
"161","13","Río Huicicila","5225","1399.550000000000","1279.200000000000","","1279.200000000000","6",2015
"162","14","Río Ameca","12255","1062.510000000000","2204.600000000000","","2204.600000000000","9",2015
"163","15","Costa de Jalisco","12967","1143.540000000000","3606.400000000000","","3606.400000000000","11",2015
"164","16","Armería-Coahuayana","17628","865.590000000000","3536.900000000000","","3536.900000000000","10",2015
"165","17","Costa de Michoacán","9205","943.780000000000","1616.600000000000","","1616.600000000000","6",2015
"166","18","Balsas","118268","947.020000000000","16805.300000000000","","16805.300000000000","15",2015
"167","19","Costa Grande de Guerrero","12132","1214.640000000000","5113.400000000000","","5113.400000000000","28",2015
"168","20","Costa Chica de Guerrero","39936","1281.770000000000","18170.300000000000","","18170.300000000000","32",2015
"169","21","Costa de Oaxaca","10514","950.520000000000","2891.900000000000","","2891.900000000000","19",2015
"170","22","Tehuantepec","16363","883.750000000000","2453.100000000000","","2453.100000000000","15",2015
"171","23","Costa de Chiapas","12293","2220.310000000000","12617.300000000000","1586","14203.300000000000","25",2015
"172","24","Bravo-Conchos","229740","399.330000000000","5587.700000000000","-432","5155.700000000000","37",2015
"173","25","San Fernando-Soto la Marina","54961","702.570000000000","4863.700000000000","","4863.700000000000","45",2015
"174","26","Pánuco","96989","854.870000000000","19672.900000000000","","19672.900000000000","77",2015
"175","27","Norte de Veracruz (Tuxpan-Nautla)","26592","1422.320000000000","14154.800000000000","","14154.800000000000","12",2015
"176","28","Papaloapan","57355","1440.170000000000","48180.900000000000","","48180.900000000000","18",2015
"177","29","Coatzacoalcos","30217","2211.230000000000","34700.200000000000","","34700.200000000000","15",2015
"178","30","Grijalva-Usumacinta","102465","1703.110000000000","59297.400000000000","44080","103377.600000000000","83",2015
"179","31","Yucatán Oeste","25443","1175.220000000000","706.800000000000","","706.800000000000","2",2015
"180","32","Yucatán Norte","58135","1143.120000000000","0.000000000000","","0.000000000000","0",2015
"181","33","Yucatán Este","38308","1210.340000000000","576.100000000000","864","1440.500000000000","1",2015
"182","34","Cuencas Cerradas del Norte","90829","298.380000000000","1260.600000000000","","1260.600000000000","22",2015
"183","35","Mapimí","62639","291.760000000000","568.400000000000","","568.400000000000","6",2015
"184","36","Nazas-Aguanaval","93032","393.100000000000","2084.900000000000","","2084.900000000000","16",2015
"185","37","El Salado","87801","392.580000000000","2876.200000000000","","2876.200000000000","8",2015
"186","1","B.C. Noroeste","28492","208.980000000000","336.700000000000","","336.700000000000","16",2014
"187","2","B.C. Centro-Oeste","44314","116.440000000000","251.000000000000","","251.000000000000","16",2014
"188","3","B.C. Suroeste","29722","200.130000000000","361.600000000000","","361.600000000000","15",2014
"189","4","B.C. Noreste","14418","150.630000000000","121.900000000000","","121.900000000000","8",2014
"190","5","B.C. Centro-Este","13626","131.820000000000","100.900000000000","","100.900000000000","15",2014
"191","6","B.C. Sureste","11558","290.660000000000","199.500000000000","","199.500000000000","14",2014
"192","7","Río Colorado","6911","98.390000000000","77.900000000000","1850","1928.100000000000","4",2014
"193","8","Sonora Norte","61429","297.050000000000","132.200000000000","","132.200000000000","5",2014
"194","9","Sonora Sur","139370","482.690000000000","4934.300000000000","","4934.300000000000","16",2014
"195","10","Sinaloa","103483","747.420000000000","14318.800000000000","","14318.800000000000","23",2014
"196","11","Presidio-San Pedro","51717","819.020000000000","8200.600000000000","","8200.600000000000","23",2014
"197","12","Lerma-Santiago","132916","717.120000000000","13179.700000000000","","13179.700000000000","58",2014
"198","13","Río Huicicila","5225","1399.550000000000","1279.200000000000","","1279.200000000000","6",2014
"199","14","Río Ameca","12255","1062.510000000000","2204.600000000000","","2204.600000000000","9",2014
"200","15","Costa de Jalisco","12967","1143.540000000000","3606.400000000000","","3606.400000000000","11",2014
"201","16","Armería-Coahuayana","17628","865.590000000000","3536.900000000000","","3536.900000000000","10",2014
"202","17","Costa de Michoacán","9205","943.780000000000","1616.600000000000","","1616.600000000000","6",2014
"203","18","Balsas","118268","947.020000000000","16805.300000000000","","16805.300000000000","15",2014
"204","19","Costa Grande de Guerrero","12132","1214.640000000000","5113.400000000000","","5113.400000000000","28",2014
"205","20","Costa Chica de Guerrero","39936","1281.770000000000","18170.300000000000","","18170.300000000000","32",2014
"206","21","Costa de Oaxaca","10514","950.520000000000","2891.900000000000","","2891.900000000000","19",2014
"207","22","Tehuantepec","16363","883.750000000000","2453.100000000000","","2453.100000000000","15",2014
"208","23","Costa de Chiapas","12293","2220.310000000000","12617.300000000000","1586","14203.300000000000","25",2014
"209","24","Bravo-Conchos","229740","399.330000000000","5587.700000000000","-432","5155.700000000000","37",2014
"210","25","San Fernando-Soto la Marina","54961","702.570000000000","4863.700000000000","","4863.700000000000","45",2014
"211","26","Pánuco","96989","854.870000000000","19672.900000000000","","19672.900000000000","77",2014
"212","27","Norte de Veracruz (Tuxpan-Nautla)","26592","1422.320000000000","14154.800000000000","","14154.800000000000","12",2014
"213","28","Papaloapan","57355","1440.170000000000","48180.900000000000","","48180.900000000000","18",2014
"214","29","Coatzacoalcos","30217","2211.230000000000","34700.200000000000","","34700.200000000000","15",2014
"215","30","Grijalva-Usumacinta","102465","1703.110000000000","59297.400000000000","44080","103377.600000000000","83",2014
"216","31","Yucatán Oeste","25443","1175.220000000000","706.800000000000","","706.800000000000","2",2014
"217","32","Yucatán Norte","58135","1143.120000000000","0.000000000000","","0.000000000000","0",2014
"218","33","Yucatán Este","38308","1210.340000000000","576.100000000000","864","1440.500000000000","1",2014
"219","34","Cuencas Cerradas del Norte","90829","298.380000000000","1260.600000000000","","1260.600000000000","22",2014
"220","35","Mapimí","62639","291.760000000000","568.400000000000","","568.400000000000","6",2014
"221","36","Nazas-Aguanaval","93032","393.100000000000","2084.900000000000","","2084.900000000000","16",2014
"222","37","El Salado","87801","392.580000000000","2876.200000000000","","2876.200000000000","8",2014
"223","1","B.C. Noroeste","28492","208.980000000000","359.000000000000","","359.000000000000","16",2013
"224","2","B.C. Centro-Oeste","44314","116.440000000000","250.960000000000","","250.960000000000","16",2013
"225","3","B.C. Suroeste","29722","200.130000000000","361.560000000000","","361.560000000000","15",2013
"226","4","B.C. Noreste","14418","150.630000000000","121.860000000000","","121.860000000000","8",2013
"227","5","B.C. Centro-Este","13626","131.820000000000","100.930000000000","","100.930000000000","15",2013
"228","6","B.C. Sureste","11558","290.660000000000","218.500000000000","","218.500000000000","14",2013
"229","7","Río Colorado","6911","98.390000000000","77.900000000000","1850","1928.100000000000","4",2013
"230","8","Sonora Norte","61429","297.050000000000","139.000000000000","","139.000000000000","5",2013
"231","9","Sonora Sur","139370","482.690000000000","4934.500000000000","","4934.500000000000","16",2013
"232","10","Sinaloa","103483","747.420000000000","14350.400000000000","","14350.400000000000","23",2013
"233","11","Presidio-San Pedro","51717","819.020000000000","8299.200000000000","","8299.200000000000","23",2013
"234","12","Lerma-Santiago","132916","717.120000000000","13210.800000000000","","13210.800000000000","58",2013
"235","13","Río Huicicila","5225","1399.550000000000","1277.200000000000","","1277.200000000000","6",2013
"236","14","Río Ameca","12255","1062.510000000000","2235.500000000000","","2235.500000000000","9",2013
"237","15","Costa de Jalisco","12967","1143.540000000000","3683.800000000000","","3683.800000000000","11",2013
"238","16","Armería-Coahuayana","17628","865.590000000000","3985.500000000000","","3985.500000000000","10",2013
"239","17","Costa de Michoacán","9205","943.780000000000","1612.400000000000","","1612.400000000000","6",2013
"240","18","Balsas","118268","947.020000000000","17056.500000000000","","17056.500000000000","15",2013
"241","19","Costa Grande de Guerrero","12132","1214.640000000000","6090.700000000000","","6090.700000000000","28",2013
"242","20","Costa Chica de Guerrero","39936","1281.770000000000","18713.600000000000","","18713.600000000000","32",2013
"243","21","Costa de Oaxaca","10514","950.520000000000","3389.200000000000","","3389.200000000000","19",2013
"244","22","Tehuantepec","16363","883.750000000000","2606.200000000000","","2606.200000000000","15",2013
"245","23","Costa de Chiapas","12293","2220.310000000000","12617.300000000000","1586","14203.300000000000","25",2013
"246","24","Bravo-Conchos","229740","399.330000000000","5587.700000000000","-432","5155.700000000000","37",2013
"247","25","San Fernando-Soto la Marina","54961","702.570000000000","4841.680000000000","","4841.680000000000","45",2013
"248","26","Pánuco","96989","854.870000000000","19672.900000000000","","19672.900000000000","77",2013
"249","27","Norte de Veracruz (Tuxpan-Nautla)","26592","1422.320000000000","14306.970000000000","","14306.970000000000","12",2013
"250","28","Papaloapan","57355","1440.170000000000","48176.500000000000","","48176.500000000000","18",2013
"251","29","Coatzacoalcos","30217","2211.230000000000","40068.010000000000","","40068.010000000000","15",2013
"252","30","Grijalva-Usumacinta","102465","1703.110000000000","73315.800000000000","44080","117396.000000000000","83",2013
"253","31","Yucatán Oeste","25443","1175.220000000000","706.800000000000","","706.800000000000","2",2013
"254","32","Yucatán Norte","58135","1143.120000000000","0.000000000000","","0.000000000000","0",2013
"255","33","Yucatán Este","38308","1210.340000000000","1108.800000000000","864","1973.200000000000","1",2013
"256","34","Cuencas Cerradas del Norte","90829","298.380000000000","1701.300000000000","","1701.300000000000","22",2013
"257","35","Mapimí","62639","291.760000000000","957.400000000000","","957.400000000000","6",2013
"258","36","Nazas-Aguanaval","93032","393.100000000000","1911.600000000000","","1911.600000000000","16",2013
"259","37","El Salado","87801","392.580000000000","2876.200000000000","","2876.200000000000","8",2013
"260","1","B.C. Noroeste","28492","208.980000000000","359.000000000000","","359.000000000000","16",2012
"261","2","B.C. Centro-Oeste","44314","116.440000000000","251.000000000000","","251.000000000000","16",2012
"262","3","B.C. Suroeste","29722","200.130000000000","361.600000000000","","361.600000000000","15",2012
"263","4","B.C. Noreste","14418","150.630000000000","121.900000000000","","121.900000000000","8",2012
"264","5","B.C. Centro-Este","13626","131.820000000000","100.900000000000","","100.900000000000","15",2012
"265","6","B.C. Sureste","11558","290.660000000000","218.500000000000","","218.500000000000","14",2012
"266","7","Río Colorado","6911","98.390000000000","78.100000000000","1850","1928.300000000000","4",2012
"267","8","Sonora Norte","61429","297.050000000000","132.200000000000","","132.200000000000","5",2012
"268","9","Sonora Sur","139370","482.690000000000","4934.500000000000","","4934.500000000000","16",2012
"269","10","Sinaloa","103483","747.420000000000","14350.400000000000","","14350.400000000000","23",2012
"270","11","Presidio-San Pedro","51717","819.020000000000","8299.200000000000","","8299.200000000000","23",2012
"271","12","Lerma-Santiago","132916","717.120000000000","13210.800000000000","","13210.800000000000","59",2012
"272","13","Río Huicicila","5225","1399.550000000000","1277.200000000000","","1277.200000000000","6",2012
"273","14","Río Ameca","12255","1062.510000000000","2235.500000000000","","2235.500000000000","9",2012
"274","15","Costa de Jalisco","12967","1143.540000000000","3683.800000000000","","3683.800000000000","11",2012
"275","16","Armería-Coahuayana","17628","865.590000000000","3985.500000000000","","3985.500000000000","10",2012
"276","17","Costa de Michoacán","9205","943.780000000000","1612.400000000000","","1612.400000000000","6",2012
"277","18","Balsas","118268","947.020000000000","17056.500000000000","","17056.500000000000","15",2012
"278","19","Costa Grande de Guerrero","12132","1214.640000000000","6090.700000000000","","6090.700000000000","28",2012
"279","20","Costa Chica de Guerrero","39936","1281.770000000000","18713.600000000000","","18713.600000000000","32",2012
"280","21","Costa de Oaxaca","10514","950.520000000000","3389.200000000000","","3389.200000000000","19",2012
"281","22","Tehuantepec","16363","883.750000000000","2606.200000000000","","2606.200000000000","15",2012
"282","23","Costa de Chiapas","12293","2220.310000000000","12617.300000000000","1586","14203.300000000000","25",2012
"283","24","Bravo-Conchos","229740","399.330000000000","5587.700000000000","-432","5155.700000000000","37",2012
"284","25","San Fernando-Soto la Marina","54961","702.570000000000","4841.700000000000","","4841.700000000000","45",2012
"285","26","Pánuco","96989","854.870000000000","19672.900000000000","","19672.900000000000","77",2012
"286","27","Norte de Veracruz (Tuxpan-Nautla)","26592","1422.320000000000","14307.000000000000","","14307.000000000000","12",2012
"287","28","Papaloapan","57355","1440.170000000000","48176.500000000000","","48176.500000000000","18",2012
"288","29","Coatzacoalcos","30217","2211.230000000000","40068.000000000000","","40068.000000000000","15",2012
"289","30","Grijalva-Usumacinta","102465","1703.110000000000","73315.800000000000","44080","117396.000000000000","83",2012
"290","31","Yucatán Oeste","25443","1175.220000000000","706.800000000000","","706.800000000000","2",2012
"291","32","Yucatán Norte","58135","1143.120000000000","0.000000000000","","0.000000000000","0",2012
"292","33","Yucatán Este","38308","1210.340000000000","1108.800000000000","864","1973.200000000000","1",2012
"293","34","Cuencas Cerradas del Norte","90829","298.380000000000","1701.300000000000","","1701.300000000000","22",2012
"294","35","Mapimí","62639","291.760000000000","568.400000000000","","568.400000000000","6",2012
"295","36","Nazas-Aguanaval","93032","393.100000000000","1911.600000000000","","1911.600000000000","16",2012
"296","37","El Salado","87801","392.580000000000","2876.200000000000","","2876.200000000000","8",2012
"297","1","B.C. Noroeste","28492","208.980000000000","359.000000000000","","359.000000000000","16",2011
"298","2","B.C. Centro-Oeste","44314","116.440000000000","251.000000000000","","251.000000000000","16",2011
"299","3","B.C. Suroeste","29722","200.130000000000","362.000000000000","","362.000000000000","15",2011
"300","4","B.C. Noreste","14418","150.630000000000","122.000000000000","","122.000000000000","8",2011
"301","5","B.C. Centro-Este","13626","131.820000000000","101.000000000000","","101.000000000000","15",2011
"302","6","B.C. Sureste","11558","290.660000000000","219.000000000000","","219.000000000000","14",2011
"303","7","Río Colorado","6911","98.390000000000","78.000000000000","1850","1928.000000000000","4",2011
"304","8","Sonora Norte","61429","297.050000000000","139.000000000000","","139.000000000000","5",2011
"305","9","Sonora Sur","139370","482.690000000000","4935.000000000000","","4935.000000000000","16",2011
"306","10","Sinaloa","103483","747.420000000000","14350.000000000000","","14350.000000000000","23",2011
"307","11","Presidio-San Pedro","51717","819.020000000000","8299.000000000000","","8299.000000000000","23",2011
"308","12","Lerma-Santiago","132916","717.120000000000","13211.000000000000","","13211.000000000000","59",2011
"309","13","Río Huicicila","5225","1399.550000000000","1277.000000000000","","1277.000000000000","6",2011
"310","14","Río Ameca","12255","1062.510000000000","2236.000000000000","","2236.000000000000","9",2011
"311","15","Costa de Jalisco","12967","1143.540000000000","3684.000000000000","","3684.000000000000","11",2011
"312","16","Armería-Coahuayana","17628","865.590000000000","3986.000000000000","","3986.000000000000","10",2011
"313","17","Costa de Michoacán","9205","943.780000000000","1612.000000000000","","1612.000000000000","6",2011
"314","18","Balsas","118268","947.020000000000","17057.000000000000","","17057.000000000000","15",2011
"315","19","Costa Grande de Guerrero","12132","1214.640000000000","6091.000000000000","","6091.000000000000","28",2011
"316","20","Costa Chica de Guerrero","39936","1281.770000000000","18714.000000000000","","18714.000000000000","32",2011
"317","21","Costa de Oaxaca","10514","950.520000000000","3389.000000000000","","3389.000000000000","19",2011
"318","22","Tehuantepec","16363","883.750000000000","2606.000000000000","","2606.000000000000","15",2011
"319","23","Costa de Chiapas","12293","2220.310000000000","12617.000000000000","1586","14203.000000000000","25",2011
"320","24","Bravo-Conchos","229740","399.330000000000","5588.000000000000","-432","5156.000000000000","37",2011
"321","25","San Fernando-Soto la Marina","54961","702.570000000000","4842.000000000000","","4842.000000000000","45",2011
"322","26","Pánuco","96989","854.870000000000","19673.000000000000","","19673.000000000000","77",2011
"323","27","Norte de Veracruz (Tuxpan-Nautla)","26592","1422.320000000000","14307.000000000000","","14307.000000000000","12",2011
"324","28","Papaloapan","57355","1440.170000000000","48177.000000000000","","48177.000000000000","18",2011
"325","29","Coatzacoalcos","30217","2211.230000000000","40068.000000000000","","40068.000000000000","15",2011
"326","30","Grijalva-Usumacinta","102465","1703.110000000000","73316.000000000000","44080","117396.000000000000","83",2011
"327","31","Yucatán Oeste","25443","1175.220000000000","707.000000000000","","707.000000000000","2",2011
"328","32","Yucatán Norte","58135","1143.120000000000","0.000000000000","","0.000000000000","0",2011
"329","33","Yucatán Este","38308","1210.340000000000","1109.000000000000","864","1973.000000000000","1",2011
"330","34","Cuencas Cerradas del Norte","90829","298.380000000000","1701.000000000000","","1701.000000000000","22",2011
"331","35","Mapimí","62639","291.760000000000","957.000000000000","","957.000000000000","6",2011
"332","36","Nazas-Aguanaval","93032","393.100000000000","1912.000000000000","","1912.000000000000","16",2011
"333","37","El Salado","87801","392.580000000000","2876.000000000000","","2876.000000000000","8",2011
"334","1","B.C. Noroeste","28492","249.000000000000","358.968000000000","","358.968000000000","16",2010
"335","2","B.C. Centro-Oeste","44314","103.000000000000","448.970000000000","","448.970000000000","16",2010
"336","3","B.C. Suroeste","29722","184.000000000000","318.378000000000","","318.378000000000","15",2010
"337","4","B.C. Noreste","14418","190.000000000000","105.149000000000","","105.149000000000","8",2010
"338","5","B.C. Centro-Este","13626","101.000000000000","53.454000000000","","53.454000000000","15",2010
"339","6","B.C. Sureste","11558","274.000000000000","218.503000000000","","218.503000000000","14",2010
"340","7","Río Colorado","6911","107.000000000000","79.950000000000","1850","1930.150000000000","4",2010
"341","8","Sonora Norte","61429","304.000000000000","138.990000000000","","138.990000000000","5",2010
"342","9","Sonora Sur","139370","505.000000000000","4934.460000000001","","4934.460000000001","16",2010
"343","10","Sinaloa","103483","713.000000000000","14350.419000000002","","14350.419000000002","23",2010
"344","11","Presidio-San Pedro","51717","818.000000000000","8299.223000000000","","8299.223000000000","23",2010
"345","12","Lerma-Santiago","132916","723.000000000000","13210.770000000002","","13210.770000000002","59",2010
"346","13","Río Huicicila","5225","1387.000000000000","1277.240000000000","","1277.240000000000","6",2010
"347","14","Río Ameca","12255","1020.000000000000","2235.460000000000","","2235.460000000000","9",2010
"348","15","Costa de Jalisco","12967","1175.000000000000","3683.750000000000","","3683.750000000000","11",2010
"349","16","Armería-Coahuayana","17628","908.000000000000","3985.450000000000","","3985.450000000000","10",2010
"350","17","Costa de Michoacán","9205","888.000000000000","1612.430000000000","","1612.430000000000","6",2010
"351","18","Balsas","118268","952.000000000000","17056.500000000000","","17056.500000000000","15",2010
"352","19","Costa Grande de Guerrero","12132","1234.000000000000","6090.650000000000","","6090.650000000000","28",2010
"353","20","Costa Chica de Guerrero","39936","1391.000000000000","18713.549999999999","","18713.549999999999","32",2010
"354","21","Costa de Oaxaca","10514","967.000000000000","3389.220000000000","","3389.220000000000","19",2010
"355","22","Tehuantepec","16363","821.000000000000","2606.220000000000","","2606.220000000000","15",2010
"356","23","Costa de Chiapas","12293","2347.000000000000","12617.260000000000","1586","14203.260000000000","25",2010
"357","24","Bravo-Conchos","229740","453.000000000000","5587.700000000000","-431","5155.980000000000","37",2010
"358","25","San Fernando-Soto la Marina","54961","757.000000000000","4841.660000000000","","4841.660000000000","45",2010
"359","26","Pánuco","96989","892.000000000000","20329.540000000005","","20329.540000000005","77",2010
"360","27","Norte de Veracruz (Tuxpan-Nautla)","26592","1427.000000000000","14305.726000000001","","14305.726000000001","12",2010
"361","28","Papaloapan","57355","1460.000000000000","48176.489999999998","","48176.489999999998","18",2010
"362","29","Coatzacoalcos","30217","1946.000000000000","39481.580000000002","","39481.580000000002","15",2010
"363","30","Grijalva-Usumacinta","102465","1709.000000000000","73315.810000000012","44080","117396.010000000010","83",2010
"364","31","Yucatán Oeste","25443","1229.000000000000","706.760000000000","","706.760000000000","2",2010
"365","32","Yucatán Norte","58135","1091.000000000000","0.000000000000","","0.000000000000","0",2010
"366","33","Yucatán Este","38308","1243.000000000000","1109.140000000000","864","1973.540000000000","1",2010
"367","34","Cuencas Cerradas del Norte","90829","404.000000000000","1701.380000000000","","1701.380000000000","22",2010
"368","35","Mapimí","62639","361.000000000000","957.390000000000","","957.390000000000","6",2010
"369","36","Nazas-Aguanaval","93032","425.000000000000","1911.590000000000","","1911.590000000000","16",2010
"370","37","El Salado","87801","431.000000000000","2876.160000000000","","2876.160000000000","8",2010
"371","1","B.C. Noroeste","28492","249.000000000000","359.000000000000","","359.000000000000","16",2009
"372","2","B.C. Centro-Oeste","44314","103.000000000000","449.000000000000","","449.000000000000","16",2009
"373","3","B.C. Suroeste","29722","184.000000000000","318.400000000000","","318.400000000000","15",2009
"374","4","B.C. Noreste","14418","190.000000000000","105.100000000000","","105.100000000000","8",2009
"375","5","B.C. Centro-Este","13626","101.000000000000","53.500000000000","","53.500000000000","15",2009
"376","6","B.C. Sureste","11558","274.000000000000","218.500000000000","","218.500000000000","14",2009
"377","7","Río Colorado","6911","107.000000000000","13.400000000000","1850","1863.600000000000","1",2009
"378","8","Sonora Norte","61429","304.000000000000","139.000000000000","","139.000000000000","5",2009
"379","9","Sonora Sur","139370","505.000000000000","4934.500000000000","","4934.500000000000","16",2009
"380","10","Sinaloa","103483","713.000000000000","14408.000000000000","","14408.000000000000","21",2009
"381","11","Presidio-San Pedro","51717","818.000000000000","7955.500000000000","","7955.500000000000","19",2009
"382","12","Lerma-Santiago","132916","723.000000000000","13636.900000000000","","13636.900000000000","58",2009
"383","13","Río Huicicila","5225","1387.000000000000","1277.200000000000","","1277.200000000000","6",2009
"384","14","Río Ameca","12255","1020.000000000000","2235.500000000000","","2235.500000000000","9",2009
"385","15","Costa de Jalisco","12967","1175.000000000000","3683.800000000000","","3683.800000000000","11",2009
"386","16","Armería-Coahuayana","17628","908.000000000000","3985.500000000000","","3985.500000000000","10",2009
"387","17","Costa de Michoacán","9205","888.000000000000","1612.400000000000","","1612.400000000000","6",2009
"388","18","Balsas","118268","952.000000000000","17056.500000000000","","17056.500000000000","15",2009
"389","19","Costa Grande de Guerrero","12132","1234.000000000000","6090.650000000000","","6090.650000000000","28",2009
"390","20","Costa Chica de Guerrero","39936","1391.000000000000","18713.549999999999","","18713.549999999999","32",2009
"391","21","Costa de Oaxaca","10514","967.000000000000","3389.200000000000","","3389.200000000000","19",2009
"392","22","Tehuantepec","16363","821.000000000000","2606.200000000000","","2606.200000000000","15",2009
"393","23","Costa de Chiapas","12293","2347.000000000000","9603.799999999999","2950","12553.799999999999","25",2009
"394","24","Bravo-Conchos","229740","453.000000000000","5587.700000000000","-432","5155.700000000000","37",2009
"395","25","San Fernando-Soto la Marina","54961","757.000000000000","4328.200000000000","","4328.200000000000","45",2009
"396","26","Pánuco","96989","892.000000000000","20329.500000000000","","20329.500000000000","77",2009
"397","27","Norte de Veracruz (Tuxpan-Nautla)","26592","1427.000000000000","14305.700000000001","","14305.700000000001","12",2009
"398","28","Papaloapan","57355","1460.000000000000","49951.400000000001","","49951.400000000001","18",2009
"399","29","Coatzacoalcos","30217","1946.000000000000","39481.599999999999","","39481.599999999999","15",2009
"400","30","Grijalva-Usumacinta","102465","1709.000000000000","73465.589999999997","44080","117545.789999999990","83",2009
"401","31","Yucatán Oeste","25443","1229.000000000000","590.600000000000","","590.600000000000","2",2009
"402","32","Yucatán Norte","58135","1091.000000000000","0.000000000000","","0.000000000000","0",2009
"403","33","Yucatán Este","38308","1243.000000000000","1124.800000000000","864","1989.200000000000","1",2009
"404","34","Cuencas Cerradas del Norte","90829","404.000000000000","1701.300000000000","","1701.300000000000","22",2009
"405","35","Mapimí","62639","361.000000000000","957.400000000000","","957.400000000000","6",2009
"406","36","Nazas-Aguanaval","93032","425.000000000000","1911.600000000000","","1911.600000000000","16",2009
"407","37","El Salado","87801","431.000000000000","2636.900000000000","","2636.900000000000","8",2009
"408","1","B.C. Noroeste","28492","248.849193780000","359.000000000000","","359.000000000000","16",2008
"409","2","B.C. Centro-Oeste","44314","102.503772140000","449.000000000000","","449.000000000000","16",2008
"410","3","B.C. Suroeste","29722","184.239358060000","318.400000000000","","318.400000000000","15",2008
"411","4","B.C. Noreste","14418","190.350575050000","105.100000000000","","105.100000000000","8",2008
"412","5","B.C. Centro-Este","13626","101.332532620000","53.500000000000","","53.500000000000","15",2008
"413","6","B.C. Sureste","11558","274.080082320000","218.500000000000","","218.500000000000","14",2008
"414","7","Río Colorado","6911","106.783615320000","13.400000000000","1850","1863.400000000000","1",2008
"415","8","Sonora Norte","61429","303.819749590000","139.000000000000","","139.000000000000","5",2008
"416","9","Sonora Sur","139370","504.487237750000","4934.500000000000","","4934.500000000000","16",2008
"417","10","Sinaloa","103483","713.078848490000","14408.000000000000","","14408.000000000000","21",2008
"418","11","Presidio-San Pedro","51717","818.441431250000","7955.500000000000","","7955.500000000000","19",2008
"419","12","Lerma-Santiago","132916","722.483846350000","13636.900000000000","","13636.900000000000","58",2008
"420","13","Río Huicicila","5225","1387.330215060000","1277.200000000000","","1277.200000000000","6",2008
"421","14","Río Ameca","12255","1020.187736100000","2235.500000000000","","2235.500000000000","9",2008
"422","15","Costa de Jalisco","12967","1175.354365500000","3683.800000000000","","3683.800000000000","11",2008
"423","16","Armería-Coahuayana","17628","908.352646300000","3985.500000000000","","3985.500000000000","0",2008
"424","17","Costa de Michoacán","9205","888.054157730000","1612.400000000000","","1612.400000000000","0",2008
"425","18","Balsas","118268","951.612494350000","17056.500000000000","","17056.500000000000","15",2008
"426","19","Costa Grande de Guerrero","12132","1234.164456260000","6090.700000000000","","6090.700000000000","28",2008
"427","20","Costa Chica de Guerrero","39936","1390.896794000000","18713.599999999999","","18713.599999999999","32",2008
"428","21","Costa de Oaxaca","10514","966.546121080000","3389.200000000000","","3389.200000000000","19",2008
"429","22","Tehuantepec","16363","821.198971380000","2606.200000000000","","2606.200000000000","15",2008
"430","23","Costa de Chiapas","12293","2347.317608540000","9603.799999999999","2950","12553.799999999999","25",2008
"431","24","Bravo-Conchos","229740","453.259194410000","5587.700000000000","-432","5155.700000000000","37",2008
"432","25","San Fernando-Soto la Marina","54961","757.317105240000","4328.200000000000","","4328.200000000000","45",2008
"433","26","Pánuco","96989","891.781557100000","20329.500000000000","","20329.500000000000","77",2008
"434","27","Norte de Veracruz (Tuxpan-Nautla)","26592","1427.059158250000","14305.700000000001","","14305.700000000001","5",2008
"435","28","Papaloapan","57355","1459.855769300000","49951.400000000001","","49951.400000000001","18",2008
"436","29","Coatzacoalcos","30217","1946.415857460000","39481.599999999999","","39481.599999999999","15",2008
"437","30","Grijalva-Usumacinta","102465","1708.754688710000","73465.600000000006","44080","117545.600000000010","83",2008
"438","31","Yucatán Oeste","25443","1228.553297300000","590.600000000000","","590.600000000000","2",2008
"439","32","Yucatán Norte","58135","1091.251171510000","0.000000000000","","0.000000000000","0",2008
"440","33","Yucatán Este","38308","1243.437667540000","1124.800000000000","864","1988.800000000000","1",2008
"441","34","Cuencas Cerradas del Norte","90829","404.275113170000","1701.300000000000","","1701.300000000000","0",2008
"442","35","Mapimí","62639","360.803861930000","957.400000000000","","957.400000000000","6",2008
"443","36","Nazas-Aguanaval","93032","425.344972830000","1911.600000000000","","1911.600000000000","16",2008
"444","37","El Salado","87801","430.639034790000","2636.900000000000","","2636.900000000000","8",2008
"445","1","B.C. Noroeste","28492","249.404145400000","359.000000000000","","359.000000000000","16",2007
"446","2","B.C. Centro-Oeste","44314","100.862623400000","449.000000000000","","449.000000000000","16",2007
"447","3","B.C. Suroeste","29722","184.676322200000","318.400000000000","","318.400000000000","15",2007
"448","4","B.C. Noreste","14418","180.741333300000","105.100000000000","","105.100000000000","8",2007
"449","5","B.C. Centro-Este","13626","100.477566700000","53.500000000000","","53.500000000000","15",2007
"450","6","B.C. Sureste","11558","284.679479700000","218.500000000000","","218.500000000000","14",2007
"451","7","Río Colorado","6911","100.281002200000","13.400000000000","1850","1863.400000000000","1",2007
"452","8","Sonora Norte","61429","301.150639000000","139.000000000000","","139.000000000000","5",2007
"453","9","Sonora Sur","139370","507.165309800000","4934.500000000000","","4934.500000000000","16",2007
"454","10","Sinaloa","103483","715.886965700000","14408.000000000000","","14408.000000000000","19",2007
"455","11","Presidio-San Pedro","51717","815.201330000000","7955.500000000000","","7955.500000000000","4",2007
"456","12","Lerma-Santiago","132916","723.231150200000","13636.900000000000","","13636.900000000000","52",2007
"457","13","Río Huicicila","5225","1396.207273000000","1277.200000000000","","1277.200000000000","0",2007
"458","14","Río Ameca","12255","1022.685745000000","2235.500000000000","","2235.500000000000","0",2007
"459","15","Costa de Jalisco","12967","1185.455642000000","3683.800000000000","","3683.800000000000","0",2007
"460","16","Armería-Coahuayana","17628","911.335179500000","3882.000000000000","","3882.000000000000","0",2007
"461","17","Costa de Michoacán","9205","890.885923000000","1635.400000000000","","1635.400000000000","0",2007
"462","18","Balsas","118268","949.668729300000","17056.500000000000","","17056.500000000000","15",2007
"463","19","Costa Grande de Guerrero","12132","1232.031050000000","6090.700000000000","","6090.700000000000","28",2007
"464","20","Costa Chica de Guerrero","39936","1393.125366000000","18713.600000000000","","18713.600000000000","32",2007
"465","21","Costa de Oaxaca","10514","971.197727500000","3389.200000000000","","3389.200000000000","19",2007
"466","22","Tehuantepec","16363","824.865001300000","2606.200000000000","","2606.200000000000","15",2007
"467","23","Costa de Chiapas","12293","2352.665865000000","9603.800000000000","2950","12553.800000000000","25",2007
"468","24","Bravo-Conchos","229740","448.549237200000","5587.700000000000","-432","5155.700000000000","0",2007
"469","25","San Fernando-Soto la Marina","54961","758.513242600000","4328.200000000000","","4328.200000000000","45",2007
"470","26","Pánuco","96989","889.196260400000","20329.500000000000","","20329.500000000000","0",2007
"471","27","Norte de Veracruz (Tuxpan-Nautla)","26592","1423.208059000000","14305.700000000000","","14305.700000000000","5",2007
"472","28","Papaloapan","57355","1447.054603000000","49951.400000000000","","49951.400000000000","12",2007
"473","29","Coatzacoalcos","30217","1953.762452000000","39481.600000000000","","39481.600000000000","9",2007
"474","30","Grijalva-Usumacinta","102465","1708.923315000000","73465.600000000000","44080","117545.600000000000","83",2007
"475","31","Yucatán Oeste","25443","1227.415277000000","590.600000000000","","590.600000000000","2",2007
"476","32","Yucatán Norte","58135","1092.397132000000","0.000000000000","","0.000000000000","0",2007
"477","33","Yucatán Este","38308","1239.811065000000","1124.800000000000","864","1988.800000000000","1",2007
"478","34","Cuencas Cerradas del Norte","90829","407.761129700000","1701.300000000000","","1701.300000000000","0",2007
"479","35","Mapimí","62639","355.704118400000","957.400000000000","","957.400000000000","0",2007
"480","36","Nazas-Aguanaval","93032","422.073656500000","1911.600000000000","","1911.600000000000","0",2007
"481","37","El Salado","87801","428.233876400000","2636.900000000000","","2636.900000000000","8",2007
"482","1","B.C. Noroeste","28492","203.593340200000","359.000000000000","","359.000000000000","0",2006
"483","2","B.C. Centro-Oeste","44314","186.143021600000","449.000000000000","","449.000000000000","0",2006
"484","3","B.C. Suroeste","29722","176.046046500000","318.400000000000","","318.400000000000","0",2006
"485","4","B.C. Noreste","14418","203.593340200000","105.100000000000","","105.100000000000","0",2006
"486","5","B.C. Centro-Este","13626","192.537514700000","53.500000000000","","53.500000000000","0",2006
"487","6","B.C. Sureste","11558","176.046046500000","218.500000000000","","218.500000000000","0",2006
"488","7","Río Colorado","6911","250.829883700000","13.000000000000","1850","1863.000000000000","0",2006
"489","8","Sonora Norte","61429","428.824523600000","139.000000000000","","139.000000000000","0",2006
"490","9","Sonora Sur","139370","427.670435200000","4934.500000000000","","4934.500000000000","0",2006
"491","10","Sinaloa","103483","617.429992800000","14408.000000000000","","14408.000000000000","11",2006
"492","11","Presidio-San Pedro","51717","653.887570300000","8078.500000000000","","8078.500000000000","0",2006
"493","12","Lerma-Santiago","132916","717.676005100000","13842.400000000000","","13842.400000000000","52",2006
"494","13","Río Huicicila","5225","994.101846300000","1228.400000000000","","1228.400000000000","0",2006
"495","14","Río Ameca","12255","884.631612500000","2165.400000000000","","2165.400000000000","0",2006
"496","15","Costa de Jalisco","12967","834.984523000000","3683.800000000000","","3683.800000000000","0",2006
"497","16","Armería-Coahuayana","17628","838.351191800000","3882.000000000000","","3882.000000000000","0",2006
"498","17","Costa de Michoacán","9205","804.785754400000","1635.400000000000","","1635.400000000000","0",2006
"499","18","Balsas","118268","1039.446896000000","17056.500000000000","","17056.500000000000","0",2006
"500","19","Costa Grande de Guerrero","12132","1112.400398000000","6090.700000000000","","6090.700000000000","0",2006
"501","20","Costa Chica de Guerrero","39936","1350.335098000000","18713.600000000000","","18713.600000000000","0",2006
"502","21","Costa de Oaxaca","10514","1522.676193000000","3389.200000000000","","3389.200000000000","0",2006
"503","22","Tehuantepec","16363","1522.676193000000","2606.200000000000","","2606.200000000000","0",2006
"504","23","Costa de Chiapas","12293","1968.882747000000","9603.800000000000","2950","12553.800000000000","0",2006
"505","24","Bravo-Conchos","229740","431.670306700000","5587.700000000000","-432","5155.700000000000","0",2006
"506","25","San Fernando-Soto la Marina","54961","731.346986800000","4328.200000000000","","4328.200000000000","0",2006
"507","26","Pánuco","96989","886.352923600000","20329.500000000000","","20329.500000000000","0",2006
"508","27","Norte de Veracruz (Tuxpan-Nautla)","26592","1379.522452000000","16033.700000000000","","16033.700000000000","0",2006
"509","28","Papaloapan","57355","1475.312980000000","50887.300000000000","","50887.300000000000","12",2006
"510","29","Coatzacoalcos","30217","1680.947132000000","44141.430000000000","","44141.430000000000","0",2006
"511","30","Grijalva-Usumacinta","102465","1872.153962000000","73465.600000000000","44080","117545.600000000000","2",2006
"512","31","Yucatán Oeste","25443","1140.595799000000","590.600000000000","","590.600000000000","2",2006
"513","32","Yucatán Norte","58135","1141.568529000000","0.000000000000","","0.000000000000","0",2006
"514","33","Yucatán Este","38308","1224.221617000000","1124.800000000000","864","1988.800000000000","1",2006
"515","34","Cuencas Cerradas del Norte","90829","422.461115800000","1701.300000000000","","1701.300000000000","0",2006
"516","35","Mapimí","62639","383.740433000000","952.200000000000","","952.200000000000","0",2006
"517","36","Nazas-Aguanaval","93032","464.609556900000","2508.000000000000","","2508.000000000000","0",2006
"518","37","El Salado","87801","703.367043300000","2636.900000000000","","2636.900000000000","0",2006
