id_rh,anio,vmae,vaeas,dma,p,Nombre_rh,Area_Km2,PrecipitacionNormal,EscurrimientoNaturalMedioSuperficial,ImportacionesExportacionesOtrosPaises,EscurrimientoNaturalMedioSuperficialTotal,No_Cuencas
1,2005,358.968,257.605,210.85399999999998,211.2217733657159,NA,NA,NA,NA,0,NA,NA
1,2006,358.968,257.605,210.85399999999998,211.2217733657159,B.C. Noroeste,28492,203.5933402,359,0,359,0
1,2007,358.968,257.605,210.85399999999998,211.2217733657159,B.C. Noroeste,28492,249.4041454,359,0,359,16
1,2008,358.968,257.605,210.85399999999998,211.2217733657159,B.C. Noroeste,28492,248.84919378,359,0,359,16
1,2009,358.96799999999996,257.605,210.85399999999998,211.22177336571585,B.C. Noroeste,28492,249,359,0,359,16
1,2010,358.968,257.605,210.85399999999998,211.2217733657159,B.C. Noroeste,28492,249,358.968,0,358.968,16
1,2011,358.968,262.74275,210.85399999999998,206.63599189929994,B.C. Noroeste,28492,208.98,359,0,359,16
1,2012,358.968,262.74275,210.85399999999998,206.63599189929994,B.C. Noroeste,28492,208.98,359,0,359,16
1,2013,336.71999999999997,265.109,182.928,182.7583585484547,B.C. Noroeste,28492,208.98,359,0,359,16
1,2014,336.71999999999997,265.109,182.928,182.7583585484547,B.C. Noroeste,28492,208.98,336.7,0,336.7,16
1,2015,336.71999999999997,265.109,182.928,182.7583585484547,B.C. Noroeste,28492,208.98,336.7,0,336.7,16
1,2016,352.677,265.73900000000003,197.373,197.80704785916134,B.C. Noroeste,28492,209,352.67577768098,0,352.67577768098,16
1,2017,352.677,265.73900000000003,197.373,197.80704785916134,B.C. Noroeste,28492,209,352.67577768098,0,352.67577768098,16
1,2018,352.677,265.73900000000003,197.373,197.80704785916134,B.C. Noroeste,28492,208.98,352.67577768098,0,352.67577768098,16
1,2019,352.677,265.73900000000003,197.373,197.80704785916134,B.C. Noroeste,28492,209,352.67577768098,0,352.67577768098,16
1,2020,358.888,264.21,200.246,205.24810892509643,NA,NA,NA,NA,0,NA,NA
1,2021,354.89248065036554,264.21,NA,201.33922402514636,NA,NA,NA,NA,0,NA,NA
1,2022,354.5355442631681,264.21,NA,200.9900270542228,NA,NA,NA,NA,0,NA,NA
1,2023,354.64435029644824,264.21,NA,201.09647385707737,NA,NA,NA,NA,0,NA,NA
2,2005,423.9,4.101,377.408,377.4079810190698,NA,NA,NA,NA,0,NA,NA
2,2006,423.9,4.101,377.408,377.4079810190698,B.C. Centro-Oeste,44314,186.1430216,449,0,449,0
2,2007,423.9,4.101,377.408,377.4079810190698,B.C. Centro-Oeste,44314,100.8626234,449,0,449,16
2,2008,423.90000000000003,4.101,377.408,377.40798101906984,B.C. Centro-Oeste,44314,102.50377214,449,0,449,16
2,2009,423.9,4.101,377.408,377.4079810190698,B.C. Centro-Oeste,44314,103,449,0,449,16
2,2010,423.9,4.101,377.408,377.4079810190698,B.C. Centro-Oeste,44314,103,448.97,0,448.97,16
2,2011,225.328,4.196,198.56699999999998,198.57813088997884,B.C. Centro-Oeste,44314,116.44,251,0,251,16
2,2012,225.32799999999997,4.196,198.56699999999998,198.5781308899788,B.C. Centro-Oeste,44314,116.44,251,0,251,16
2,2013,225.328,4.228,198.56699999999998,198.55990699638315,B.C. Centro-Oeste,44314,116.44,250.96,0,250.96,16
2,2014,225.328,4.228,198.56699999999998,198.55990699638315,B.C. Centro-Oeste,44314,116.44,251,0,251,16
2,2015,225.32799999999997,4.228,198.56699999999998,198.55990699638312,B.C. Centro-Oeste,44314,116.44,251,0,251,16
2,2016,217.324,4.244,191.349,191.34473837215035,B.C. Centro-Oeste,44314,116,243.056706876721,0,243.056706876721,16
2,2017,217.324,4.244,191.349,191.34473837215035,B.C. Centro-Oeste,44314,116,243.056706876721,0,243.056706876721,16
2,2018,217.324,4.244,191.349,191.34473837215035,B.C. Centro-Oeste,44314,116.44,243.056706876721,0,243.056706876721,16
2,2019,217.324,4.244,191.349,191.34473837215035,B.C. Centro-Oeste,44314,116,243.056706876721,0,243.056706876721,16
2,2020,218.292,4.288,192.175,192.19117762787118,NA,NA,NA,NA,0,NA,NA
2,2021,193.83296388132229,4.288,NA,170.17053787941794,NA,NA,NA,NA,0,NA,NA
2,2022,186.90762777632682,4.288,NA,163.9356097831056,NA,NA,NA,NA,0,NA,NA
2,2023,183.05661900261757,4.288,NA,160.46851989197017,NA,NA,NA,NA,0,NA,NA
3,2005,252.37599999999998,9.052,218.351,218.6059648709858,NA,NA,NA,NA,0,NA,NA
3,2006,252.37599999999998,9.052,218.351,218.6059648709858,B.C. Suroeste,29722,176.0460465,318.4,0,318.4,0
3,2007,252.37599999999998,9.052,218.351,218.6059648709858,B.C. Suroeste,29722,184.6763222,318.4,0,318.4,15
3,2008,252.37599999999998,9.052,218.351,218.6059648709858,B.C. Suroeste,29722,184.23935806,318.4,0,318.4,15
3,2009,252.37599999999998,9.052,218.351,218.6059648709858,B.C. Suroeste,29722,184,318.4,0,318.4,15
3,2010,252.37599999999998,9.052,218.351,218.6059648709858,B.C. Suroeste,29722,184,318.378,0,318.378,15
3,2011,286.613,13.2665,246.483,246.14105090009315,B.C. Suroeste,29722,200.13,362,0,362,15
3,2012,286.613,13.2665,246.483,246.14105090009315,B.C. Suroeste,29722,200.13,361.6,0,361.6,15
3,2013,286.613,13.780000000000001,246.483,245.3718457766738,B.C. Suroeste,29722,200.13,361.56,0,361.56,15
3,2014,286.613,13.780000000000001,246.483,245.3718457766738,B.C. Suroeste,29722,200.13,361.6,0,361.6,15
3,2015,286.613,13.780000000000001,246.483,245.3718457766738,B.C. Suroeste,29722,200.13,361.6,0,361.6,15
3,2016,288.279,16.26,243.191,243.3039757268969,B.C. Suroeste,29722,200,356.070204710457,0,356.070204710457,15
3,2017,288.279,16.26,243.191,243.3039757268969,B.C. Suroeste,29722,200,356.070204710457,0,356.070204710457,15
3,2018,288.279,16.26,243.191,243.3039757268969,B.C. Suroeste,29722,200.13,356.070204710457,0,356.070204710457,15
3,2019,288.279,16.26,243.191,243.3039757268969,B.C. Suroeste,29722,200,356.070204710457,0,356.070204710457,15
3,2020,311.97200000000004,16.61,264.168,266.2036687362907,NA,NA,NA,NA,0,NA,NA
3,2021,298.5321938496255,16.61,NA,252.9164631669231,NA,NA,NA,NA,0,NA,NA
3,2022,297.96790919211855,16.61,NA,252.35858560827052,NA,NA,NA,NA,0,NA,NA
3,2023,298.16692192295204,16.61,NA,252.55533867419416,NA,NA,NA,NA,0,NA,NA
4,2005,105.149,0.357,94.276,94.27901093475639,NA,NA,NA,NA,0,NA,NA
4,2006,105.149,0.357,94.276,94.27901093475639,B.C. Noreste,14418,203.5933402,105.1,0,105.1,0
4,2007,105.149,0.357,94.276,94.27901093475639,B.C. Noreste,14418,180.7413333,105.1,0,105.1,8
4,2008,105.149,0.357,94.276,94.27901093475639,B.C. Noreste,14418,190.35057505,105.1,0,105.1,8
4,2009,105.149,0.357,94.276,94.27901093475639,B.C. Noreste,14418,190,105.1,0,105.1,8
4,2010,105.149,0.357,94.276,94.27901093475639,B.C. Noreste,14418,190,105.149,0,105.149,8
4,2011,121.862,0.31908333333333333,109.395,109.36360642685769,B.C. Noreste,14418,150.63,122,0,122,8
4,2012,121.862,0.31908333333333333,109.395,109.36360642685769,B.C. Noreste,14418,150.63,121.9,0,121.9,8
4,2013,121.862,0.28,109.395,109.3985103640968,B.C. Noreste,14418,150.63,121.86,0,121.86,8
4,2014,121.862,0.28,109.395,109.3985103640968,B.C. Noreste,14418,150.63,121.9,0,121.9,8
4,2015,121.862,0.28,109.395,109.3985103640968,B.C. Noreste,14418,150.63,121.9,0,121.9,8
4,2016,122.27,0.313,109.732,109.73645976197457,B.C. Noreste,14418,151,122.271235789017,0,122.271235789017,8
4,2017,122.26999999999998,0.313,109.732,109.73645976197456,B.C. Noreste,14418,151,122.271235789017,0,122.271235789017,8
4,2018,122.27000000000001,0.313,109.732,109.73645976197459,B.C. Noreste,14418,150.63,122.271235789017,0,122.271235789017,8
4,2019,122.27,0.313,109.732,109.73645976197457,B.C. Noreste,14418,151,122.271235789017,0,122.271235789017,8
4,2020,139.882,0.309,125.584,125.60035139755647,NA,NA,NA,NA,0,NA,NA
4,2021,130.31728849858217,0.309,NA,116.98694126996087,NA,NA,NA,NA,0,NA,NA
4,2022,130.24321592092065,0.309,NA,116.92023591345196,NA,NA,NA,NA,0,NA,NA
4,2023,130.2656927051061,0.309,NA,116.94047716803763,NA,NA,NA,NA,0,NA,NA
5,2005,32.491,0.724,28.52,28.519668433439854,NA,NA,NA,NA,0,NA,NA
5,2006,32.491,0.724,28.52,28.519668433439854,B.C. Centro-Este,13626,192.5375147,53.5,0,53.5,0
5,2007,32.491,0.724,28.52,28.519668433439854,B.C. Centro-Este,13626,100.4775667,53.5,0,53.5,15
5,2008,32.491,0.724,28.52,28.519668433439854,B.C. Centro-Este,13626,101.33253262,53.5,0,53.5,15
5,2009,32.491,0.724,28.52,28.519668433439854,B.C. Centro-Este,13626,101,53.5,0,53.5,15
5,2010,32.491,0.724,28.52,28.519668433439854,B.C. Centro-Este,13626,101,53.454,0,53.454,15
5,2011,54.381,0.7681666666666667,48.190000000000005,48.176976326776064,B.C. Centro-Este,13626,131.82,101,0,101,15
5,2012,54.381,0.7681666666666667,48.190000000000005,48.176976326776064,B.C. Centro-Este,13626,131.82,100.9,0,100.9,15
5,2013,54.381,0.752,48.190000000000005,48.193271705183065,B.C. Centro-Este,13626,131.82,100.93,0,100.93,15
5,2014,54.381,0.752,48.190000000000005,48.193271705183065,B.C. Centro-Este,13626,131.82,100.9,0,100.9,15
5,2015,54.381,0.752,48.190000000000005,48.193271705183065,B.C. Centro-Este,13626,131.82,100.9,0,100.9,15
5,2016,51.718999999999994,0.758,45.787,45.79132346390195,B.C. Centro-Este,13626,132,95.201549464597,0,95.201549464597,15
5,2017,51.718999999999994,0.758,45.787,45.79132346390195,B.C. Centro-Este,13626,132,95.201549464597,0,95.201549464597,15
5,2018,51.718999999999994,0.758,45.787,45.79132346390195,B.C. Centro-Este,13626,131.82,95.201549464598,0,95.201549464598,15
5,2019,51.719,0.758,45.787,45.79132346390196,B.C. Centro-Este,13626,132,95.201549464598,0,95.201549464598,15
5,2020,57.063,1.034,50.321999999999996,50.32292777465184,NA,NA,NA,NA,0,NA,NA
5,2021,35.68745020594301,1.034,NA,31.08412618174604,NA,NA,NA,NA,0,NA,NA
5,2022,29.94144763179261,1.034,NA,25.912506993399344,NA,NA,NA,NA,0,NA,NA
5,2023,26.75494617460082,1.034,NA,23.044535413671255,NA,NA,NA,NA,0,NA,NA
6,2005,207.51999999999998,12.939,173.829,173.8995479630757,NA,NA,NA,NA,0,NA,NA
6,2006,207.51999999999998,12.939,173.829,173.8995479630757,B.C. Sureste,11558,176.0460465,218.5,0,218.5,0
6,2007,207.51999999999998,12.939,173.829,173.8995479630757,B.C. Sureste,11558,284.6794797,218.5,0,218.5,14
6,2008,207.51999999999998,12.939,173.829,173.8995479630757,B.C. Sureste,11558,274.08008232,218.5,0,218.5,14
6,2009,207.52,12.939,173.829,173.8995479630757,B.C. Sureste,11558,274,218.5,0,218.5,14
6,2010,207.51999999999998,12.939,173.829,173.8995479630757,B.C. Sureste,11558,274,218.503,0,218.503,14
6,2011,207.51999999999998,13.865499999999999,173.829,173.60259807176593,B.C. Sureste,11558,290.66,219,0,219,14
6,2012,207.52,13.865499999999999,173.829,173.60259807176593,B.C. Sureste,11558,290.66,218.5,0,218.5,14
6,2013,179.809,13.860999999999999,147.966,147.84241916808037,B.C. Sureste,11558,290.66,218.5,0,218.5,14
6,2014,179.809,13.860999999999999,147.966,147.84241916808037,B.C. Sureste,11558,290.66,199.5,0,199.5,14
6,2015,179.809,13.860999999999999,147.966,147.84241916808037,B.C. Sureste,11558,290.66,199.5,0,199.5,14
6,2016,167.07500000000002,14.564,135.801,135.7788981547565,B.C. Sureste,11558,291,185.736699908789,0,185.736699908789,14
6,2017,167.07500000000002,14.564,135.801,135.7788981547565,B.C. Sureste,11558,291,185.736699908789,0,185.736699908789,14
6,2018,167.07500000000002,14.564,135.801,135.7788981547565,B.C. Sureste,11558,290.66,185.736699908789,0,185.736699908789,14
6,2019,167.07500000000002,14.564,135.801,135.7788981547565,B.C. Sureste,11558,291,185.736699908789,0,185.736699908789,14
6,2020,179.179,14.791,146.47,146.95866595474598,NA,NA,NA,NA,0,NA,NA
6,2021,165.9142803481042,14.791,NA,134.62707623189712,NA,NA,NA,NA,0,NA,NA
6,2022,163.03984555368848,14.791,NA,131.95484858592874,NA,NA,NA,NA,0,NA,NA
6,2023,162.30032607087483,14.791,NA,131.26735189595476,NA,NA,NA,NA,0,NA,NA
7,2005,13.13,1805.541,56.51,52.92273440147096,NA,NA,NA,NA,0,NA,NA
7,2006,13.13,1805.541,56.51,58.107380464217655,Río Colorado,6911,250.8298837,13,1850,1863,0
7,2007,13.13,1805.541,56.51,58.107380464217655,Río Colorado,6911,100.2810022,13.4,1850,1863.4,1
7,2008,13.13,1805.541,56.51,58.107380464217655,Río Colorado,6911,106.78361532,13.4,1850,1863.4,1
7,2009,13.13,1805.541,56.51,58.107380464217655,Río Colorado,6911,107,13.4,1850,1863.6,1
7,2010,13.130000000000003,1805.541,56.51,58.107380464217655,Río Colorado,6911,107,79.95,1850,1930.15,4
7,2011,11.276,1754.5736666666667,131.277,124.66620088056202,Río Colorado,6911,98.39,78,1850,1928,4
7,2012,11.276,1754.5736666666667,131.277,124.66620088056202,Río Colorado,6911,98.39,78.1,1850,1928.3,4
7,2013,11.276,1729.105,131.277,143.61287245141676,Río Colorado,6911,98.39,77.9,1850,1928.1,4
7,2014,11.276,1729.105,131.277,143.61287245141676,Río Colorado,6911,98.39,77.9,1850,1928.1,4
7,2015,11.276000000000002,1729.105,131.277,143.61287245141676,Río Colorado,6911,98.39,77.9,1850,1928.1,4
7,2016,12.515999999999998,1729.086,132.413,124.46976964088462,Río Colorado,6911,98,71.754718280881,1850,1921.95471828088,4
7,2017,12.515999999999998,1729.086,132.413,124.46976964088462,Río Colorado,6911,98,71.754718280881,1850,1921.95471828088,4
7,2018,12.515999999999998,1729.086,132.413,124.46976964088462,Río Colorado,6911,98.39,71.754718280882,1850,1921.95471828088,4
7,2019,12.516000000000002,1729.086,132.413,124.46976964088462,Río Colorado,6911,98,71.754718280882,1850,1921.95471828088,4
7,2020,19.985,1729.061,0.325,3.912265598529075,NA,NA,NA,NA,0,NA,NA
7,2021,16.91517226428081,1729.061,NA,51.339215939230144,NA,NA,NA,NA,0,NA,NA
7,2022,17.614042598655757,1729.061,NA,40.54209913123282,NA,NA,NA,NA,0,NA,NA
7,2023,18.37741377993456,1729.061,NA,28.74848391146884,NA,NA,NA,NA,0,NA,NA
8,2005,136.07,52.32,0,0,NA,NA,NA,NA,0,NA,NA
8,2006,136.07,52.32,0,0,Sonora Norte,61429,428.8245236,139,0,139,0
8,2007,136.07,52.32,0,0,Sonora Norte,61429,301.150639,139,0,139,5
8,2008,136.07,52.32,0,0,Sonora Norte,61429,303.81974959,139,0,139,5
8,2009,136.07,52.32,0,0,Sonora Norte,61429,304,139,0,139,5
8,2010,136.07,52.32,0,0,Sonora Norte,61429,304,138.99,0,138.99,5
8,2011,136.07,57.5965,0,0,Sonora Norte,61429,297.05,139,0,139,5
8,2012,132.8573076923077,57.5965,0,0,Sonora Norte,61429,297.05,132.2,0,132.2,5
8,2013,125.14999999999999,52.32,0,0,Sonora Norte,61429,297.05,139,0,139,5
8,2014,125.14999999999999,52.32,0,0,Sonora Norte,61429,297.05,132.2,0,132.2,5
8,2015,125.14999999999998,52.32,0,0,Sonora Norte,61429,297.05,132.2,0,132.2,5
8,2016,132.129,65.087,0,0,Sonora Norte,61429,297,180.305470615999,0,180.305470615999,9
8,2017,132.12900000000002,65.087,0,0,Sonora Norte,61429,297,180.305470615999,0,180.305470615999,9
8,2018,132.129,65.087,0,0,Sonora Norte,61429,297.05,180.305470615999,0,180.305470615999,9
8,2019,132.12900000000002,65.087,0,0,Sonora Norte,61429,297,180.305470615999,0,180.305470615999,9
8,2020,142.829,64.57,0,0,NA,NA,NA,NA,0,NA,NA
8,2021,140.14165447786428,64.57,NA,0,NA,NA,NA,NA,0,NA,NA
8,2022,141.2270789394803,64.57,NA,0,NA,NA,NA,NA,0,NA,NA
8,2023,140.44257010578124,64.57,NA,0,NA,NA,NA,NA,0,NA,NA
9,2005,4934.46,8246.85,558.21,531.6289550950903,NA,NA,NA,NA,0,NA,NA
9,2006,4934.460000000001,8246.85,558.21,531.6289550950921,Sonora Sur,139370,427.6704352,4934.5,0,4934.5,0
9,2007,4934.460000000001,8246.85,558.21,531.6289550950921,Sonora Sur,139370,507.1653098,4934.5,0,4934.5,16
9,2008,4934.46,8246.85,558.21,531.6289550950903,Sonora Sur,139370,504.48723775,4934.5,0,4934.5,16
9,2009,4934.46,8246.85,558.21,531.6289550950903,Sonora Sur,139370,505,4934.5,0,4934.5,16
9,2010,4934.46,8246.85,558.21,531.6289550950903,Sonora Sur,139370,505,4934.460000000001,0,4934.460000000001,16
9,2011,4934.46,8849.536166666667,558.21,612.7555016735944,Sonora Sur,139370,482.69,4935,0,4935,16
9,2012,4934.460000000001,8849.536166666667,558.21,612.7555016735962,Sonora Sur,139370,482.69,4934.5,0,4934.5,16
9,2013,4934.288,8582.925000000001,553.1122727272727,576.5091317390727,Sonora Sur,139370,482.69,4934.5,0,4934.5,16
9,2014,4934.288,8582.925000000001,553.1122727272727,576.5091317390727,Sonora Sur,139370,482.69,4934.3,0,4934.3,16
9,2015,4934.288,8582.925000000001,553.1122727272727,576.5091317390727,Sonora Sur,139370,482.69,4934.3,0,4934.3,16
9,2016,4828.256,9660.351,523.794,500.66006973166577,Sonora Sur,139370,483,4828.25487543957,0,4828.25487543957,16
9,2017,4828.255999999999,9660.351,523.794,500.66006973166395,Sonora Sur,139370,483,4828.25487543957,0,4828.25487543957,16
9,2018,4828.255999999999,9660.351,523.794,500.66006973166395,Sonora Sur,139370,482.69,4828.25487543957,0,4828.25487543957,16
9,2019,4828.256,9660.351,523.794,500.66006973166577,Sonora Sur,139370,483,4828.25487543957,0,4828.25487543957,16
9,2020,4799.52,8816.855,254.517,327.25741012022536,NA,NA,NA,NA,0,NA,NA
9,2021,4870.339437102057,8816.855,NA,474.7842251369284,NA,NA,NA,NA,0,NA,NA
9,2022,4874.325583156538,8816.855,NA,483.0879261499931,NA,NA,NA,NA,0,NA,NA
9,2023,4856.72635320423,8816.855,NA,446.42626308326817,NA,NA,NA,NA,0,NA,NA
10,2005,14360.918,20748.779000000002,6005.047,6005.760360079676,NA,NA,NA,NA,0,NA,NA
10,2006,14360.918,20748.779000000002,6005.047,6005.760360079676,Sinaloa,103483,617.4299928,14408,0,14408,11
10,2007,14360.918,20748.779000000002,6005.047,6005.760360079676,Sinaloa,103483,715.8869657,14408,0,14408,19
10,2008,14360.918,20748.779000000002,6005.047,6005.760360079676,Sinaloa,103483,713.07884849,14408,0,14408,21
10,2009,14360.918,20748.779000000002,6005.047,6005.760360079676,Sinaloa,103483,713,14408,0,14408,21
10,2010,14157.479,20451.209,5313.627,5204.467857013386,Sinaloa,103483,713,14350.419000000002,0,14350.419000000002,23
10,2011,14149.087,20957.555703768456,5302.943,5247.278531689995,Sinaloa,103483,747.42,14350,0,14350,23
10,2012,14149.087,20957.555703768456,5302.943,5247.278531689995,Sinaloa,103483,747.42,14350.4,0,14350.4,23
10,2013,14127.284,21498.555,5086.023,5245.20532500158,Sinaloa,103483,747.42,14350.4,0,14350.4,23
10,2014,14127.284,21498.555,5086.023,5245.20532500158,Sinaloa,103483,747.42,14318.8,0,14318.8,23
10,2015,14127.284,21498.555,5086.023,5245.20532500158,Sinaloa,103483,747.42,14318.8,0,14318.8,23
10,2016,14064.41,21248.98,5065.414,4974.50598409191,Sinaloa,103483,747,14695.8096071953,0,14695.8096071953,30
10,2017,14064.41,21248.98,5065.414,4974.50598409191,Sinaloa,103483,747,14695.8096071953,0,14695.8096071953,30
10,2018,14064.41,21248.98,5065.414,4974.50598409191,Sinaloa,103483,747.42,14695.8096071953,0,14695.8096071953,30
10,2019,14064.41,21248.98,5065.414,4974.50598409191,Sinaloa,103483,747,14695.8096071953,0,14695.8096071953,30
10,2020,13952.8,18948.854,4119.313,4222.319367835944,NA,NA,NA,NA,0,NA,NA
10,2021,14077.754040793332,18948.854,NA,4687.744524499574,NA,NA,NA,NA,0,NA,NA
10,2022,14243.68153846843,18948.854,NA,5305.786415021261,NA,NA,NA,NA,0,NA,NA
10,2023,14379.080498098474,18948.854,NA,5810.116499889291,NA,NA,NA,NA,0,NA,NA
11,2005,7836.688,463.269,14342.728,14558.110473834033,NA,NA,NA,NA,0,NA,NA
11,2006,7836.688,463.269,14342.728,14558.110473834033,Presidio-San Pedro,51717,653.8875703,8078.5,0,8078.5,0
11,2007,7836.688,463.269,14342.728,14558.110473834033,Presidio-San Pedro,51717,815.20133,7955.5,0,7955.5,4
11,2008,7836.688,463.269,14342.728,14558.110473834033,Presidio-San Pedro,51717,818.44143125,7955.5,0,7955.5,19
11,2009,7836.688,463.269,14342.728,14558.110473834033,Presidio-San Pedro,51717,818,7955.5,0,7955.5,19
11,2010,7836.688,463.269,14342.728,14558.110473834033,Presidio-San Pedro,51717,818,8299.223,0,8299.223,23
11,2011,7836.688,2518.241244949495,14342.728,12043.647985491045,Presidio-San Pedro,51717,819.02,8299,0,8299,23
11,2012,7836.688,2518.241244949495,14342.728,12043.647985491045,Presidio-San Pedro,51717,819.02,8299.2,0,8299.2,23
11,2013,7735.96,583.927,13946.559000000001,13826.355723092804,Presidio-San Pedro,51717,819.02,8299.2,0,8299.2,23
11,2014,7735.96,583.927,13946.559000000001,13826.355723092804,Presidio-San Pedro,51717,819.02,8200.6,0,8200.6,23
11,2015,7735.96,583.927,13946.559000000001,13826.355723092804,Presidio-San Pedro,51717,819.02,8200.6,0,8200.6,23
11,2016,7799.871,5433.133,8180.584,8263.488297496346,Presidio-San Pedro,51717,819,8840.84303687693,0,8840.84303687693,26
11,2017,7799.871,5433.133,8180.584,8263.488297496346,Presidio-San Pedro,51717,819,8840.84303687693,0,8840.84303687693,26
11,2018,7799.871,5433.133,8180.584,8263.488297496346,Presidio-San Pedro,51717,819.02,8840.84303687693,0,8840.84303687693,26
11,2019,7799.871,5433.133,8180.584,8263.488297496346,Presidio-San Pedro,51717,819,8840.84303687693,0,8840.84303687693,26
11,2020,7829.456999999999,2815.546,8303.076,11637.93382674969,NA,NA,NA,NA,0,NA,NA
11,2021,7845.655753275953,2815.546,NA,11731.86976032065,NA,NA,NA,NA,0,NA,NA
11,2022,7928.690277533973,2815.546,NA,12213.383702901421,NA,NA,NA,NA,0,NA,NA
11,2023,8004.646003167359,2815.546,NA,12653.847970483253,NA,NA,NA,NA,0,NA,NA
12,2005,14435.15,22561.55,17979.893,18796.055213780885,NA,NA,NA,NA,0,NA,NA
12,2006,14435.15,22561.55,17979.893,18796.055213780885,Lerma-Santiago,132916,717.6760051,13842.4,0,13842.4,52
12,2007,14435.15,22561.55,17979.893,18796.055213780885,Lerma-Santiago,132916,723.2311502,13636.9,0,13636.9,52
12,2008,14435.15,22561.55,17979.893,18796.055213780885,Lerma-Santiago,132916,722.48384635,13636.9,0,13636.9,58
12,2009,14435.15,22561.55,17979.893,18796.055213780885,Lerma-Santiago,132916,723,13636.9,0,13636.9,58
12,2010,13488.95,27153.34,18001.313,15743.908874060398,Lerma-Santiago,132916,723,13210.770000000002,0,13210.770000000002,59
12,2011,13488.95,24482.243577422578,18001.143,12363.479308258735,Lerma-Santiago,132916,717.12,13211,0,13211,59
12,2012,13488.95,24482.243577422578,18001.143,12363.479308258735,Lerma-Santiago,132916,717.12,13210.8,0,13210.8,59
12,2013,13134.460000000001,24732.773,11874.483,9359.929606028381,Lerma-Santiago,132916,717.12,13210.8,0,13210.8,58
12,2014,13134.460000000001,24732.773,11874.483,9359.929606028381,Lerma-Santiago,132916,717.12,13179.7,0,13179.7,58
12,2015,13134.460000000001,24732.773,11874.483,9359.929606028381,Lerma-Santiago,132916,717.12,13179.7,0,13179.7,58
12,2016,13014.319,26067.173,7839.432,9923.296084298381,Lerma-Santiago,132916,717,13061.619196414,0,13061.619196414,58
12,2017,13014.319,26067.173,7839.432,9923.296084298381,Lerma-Santiago,132916,717,13061.619196414,0,13061.619196414,58
12,2018,13014.319,26067.173,7839.432,9923.296084298381,Lerma-Santiago,132916,717.12,13061.619196414,0,13061.619196414,58
12,2019,13014.319,26067.173,7839.432,9923.296084298381,Lerma-Santiago,132916,717,13061.619196414,0,13061.619196414,58
12,2020,13191.131,24776.296,1285.7397333333333,9945.864018572636,NA,NA,NA,NA,0,NA,NA
12,2021,13396.974064735232,24776.296,NA,11874.054994276808,NA,NA,NA,NA,0,NA,NA
12,2022,13575.172785233253,24776.296,NA,13543.29347548712,NA,NA,NA,NA,0,NA,NA
12,2023,13834.68503114138,24776.296,NA,15974.219051184333,NA,NA,NA,NA,0,NA,NA
13,2005,1203.3300000000002,92.98,1179.72,1179.2771452009367,NA,NA,NA,NA,0,NA,NA
13,2006,1203.33,92.98,1179.72,1179.2771452009363,Río Huicicila,5225,994.1018463,1228.4,0,1228.4,0
13,2007,1203.3300000000002,92.98,1179.72,1179.2771452009367,Río Huicicila,5225,1396.207273,1277.2,0,1277.2,0
13,2008,1203.33,92.98,1179.72,1179.2771452009363,Río Huicicila,5225,1387.33021506,1277.2,0,1277.2,6
13,2009,1203.3300000000002,92.98,1179.72,1179.2771452009367,Río Huicicila,5225,1387,1277.2,0,1277.2,6
13,2010,1203.33,92.98,1179.72,1179.2771452009363,Río Huicicila,5225,1387,1277.24,0,1277.24,6
13,2011,1203.3300000000002,142.54754545454546,1179.72,1173.8909033853063,Río Huicicila,5225,1399.55,1277,0,1277,6
13,2012,1203.33,142.54754545454546,1179.72,1173.8909033853058,Río Huicicila,5225,1399.55,1277.2,0,1277.2,6
13,2013,1203.6829999999998,119.771,1172.884,1176.935590572843,Río Huicicila,5225,1399.55,1277.2,0,1277.2,6
13,2014,1203.683,119.771,1172.884,1176.9355905728435,Río Huicicila,5225,1399.55,1279.2,0,1279.2,6
13,2015,1203.683,119.771,1172.884,1176.9355905728435,Río Huicicila,5225,1399.55,1279.2,0,1279.2,6
13,2016,1185.621,152.752,1143.848,1144.2027735607953,Río Huicicila,5225,1400,1266.02139050071,0,1266.02139050071,6
13,2017,1185.621,152.752,1143.848,1144.2027735607953,Río Huicicila,5225,1400,1266.02139050071,0,1266.02139050071,6
13,2018,1185.621,152.752,1143.848,1144.2027735607953,Río Huicicila,5225,1399.55,1266.02139050071,0,1266.02139050071,6
13,2019,1185.6209999999999,152.752,1143.848,1144.202773560795,Río Huicicila,5225,1400,1266.02139050071,0,1266.02139050071,6
13,2020,1231.437,318.762,1199.3609999999999,1200.1024560620444,NA,NA,NA,NA,0,NA,NA
13,2021,1210.2822014174237,318.762,NA,1165.9622666036196,NA,NA,NA,NA,0,NA,NA
13,2022,1215.1680650504397,318.762,NA,1173.8472062520916,NA,NA,NA,NA,0,NA,NA
13,2023,1221.2633908581624,318.762,NA,1183.6840088609274,NA,NA,NA,NA,0,NA,NA
14,2005,1882.55,301.67,4237.99,4303.363853266702,NA,NA,NA,NA,0,NA,NA
14,2006,1882.55,301.67,4237.99,4303.363853266702,Río Ameca,12255,884.6316125,2165.4,0,2165.4,0
14,2007,1882.5499999999997,301.67,4237.99,4303.363853266716,Río Ameca,12255,1022.685745,2235.5,0,2235.5,0
14,2008,1882.55,301.67,4237.99,4303.363853266702,Río Ameca,12255,1020.1877361,2235.5,0,2235.5,9
14,2009,1882.55,301.67,4237.99,4303.363853266702,Río Ameca,12255,1020,2235.5,0,2235.5,9
14,2010,1882.55,301.67,4237.99,4303.363853266702,Río Ameca,12255,1020,2235.46,0,2235.46,9
14,2011,1882.55,362.77318181818185,4237.99,3627.562536168219,Río Ameca,12255,1062.51,2236,0,2236,9
14,2012,1882.55,362.77318181818185,4237.99,3627.562536168219,Río Ameca,12255,1062.51,2235.5,0,2235.5,9
14,2013,1858.923,387.558,4156.055,4409.5796684498655,Río Ameca,12255,1062.51,2235.5,0,2235.5,9
14,2014,1858.923,387.558,4156.055,4409.5796684498655,Río Ameca,12255,1062.51,2204.6,0,2204.6,9
14,2015,1858.923,387.558,4156.055,4409.5796684498655,Río Ameca,12255,1062.51,2204.6,0,2204.6,9
14,2016,1866.1090000000002,381.969,4206.583,4150.176665245476,Río Ameca,12255,1063,2230.62010372319,0,2230.62010372319,9
14,2017,1866.109,381.969,4206.583,4150.176665245491,Río Ameca,12255,1063,2230.62010372319,0,2230.62010372319,9
14,2018,1866.109,381.969,4206.583,4150.176665245491,Río Ameca,12255,1062.51,2230.62010372319,0,2230.62010372319,9
14,2019,1866.109,381.969,4206.583,4150.176665245491,Río Ameca,12255,1063,2230.62010372319,0,2230.62010372319,9
14,2020,1931.111,394.945,807.381,1101.0441417310712,NA,NA,NA,NA,0,NA,NA
14,2021,1934.2033329705323,394.945,NA,962.8155003742204,NA,NA,NA,NA,0,NA,NA
14,2022,1949.7888039035106,394.945,NA,266.13810744728016,NA,NA,NA,NA,0,NA,NA
14,2023,1965.4615127428317,394.945,NA,-434.4388581917383,NA,NA,NA,NA,0,NA,NA
15,2005,3515.2,723.65,3469.4700000000003,3454.92427814969,NA,NA,NA,NA,0,NA,NA
15,2006,3515.2,723.65,3469.4700000000003,3454.92427814969,Costa de Jalisco,12967,834.984523,3683.8,0,3683.8,0
15,2007,3515.2,723.65,3469.4700000000003,3454.92427814969,Costa de Jalisco,12967,1185.455642,3683.8,0,3683.8,0
15,2008,3515.2,723.65,3469.4700000000003,3454.92427814969,Costa de Jalisco,12967,1175.3543655,3683.8,0,3683.8,11
15,2009,3515.2,723.65,3469.4700000000003,3454.92427814969,Costa de Jalisco,12967,1175,3683.8,0,3683.8,11
15,2010,3515.2,723.65,3469.4700000000003,3454.92427814969,Costa de Jalisco,12967,1175,3683.75,0,3683.75,11
15,2011,3515.2,1310.6288181818181,3469.4700000000003,3913.5633064714657,Costa de Jalisco,12967,1143.54,3684,0,3684,11
15,2012,3515.2,1310.6288181818181,3469.4700000000003,3913.5633064714657,Costa de Jalisco,12967,1143.54,3683.8,0,3683.8,11
15,2013,3440.312,1511.212,3375.617,3239.260455424136,Costa de Jalisco,12967,1143.54,3683.8,0,3683.8,11
15,2014,3440.312,1511.212,3375.617,3239.260455424136,Costa de Jalisco,12967,1143.54,3606.4,0,3606.4,11
15,2015,3440.3120000000004,1511.212,3375.617,3239.2604554241434,Costa de Jalisco,12967,1143.54,3606.4,0,3606.4,11
15,2016,3427.8419999999996,1517.756,3430.553,3105.994478767023,Costa de Jalisco,12967,1144,3590.70587793262,0,3590.70587793262,11
15,2017,3427.842,1517.756,3430.553,3105.99447876703,Costa de Jalisco,12967,1144,3590.70587793262,0,3590.70587793262,11
15,2018,3427.8419999999996,1517.756,3430.553,3105.994478767023,Costa de Jalisco,12967,1143.54,3590.70587793262,0,3590.70587793262,11
15,2019,3427.8419999999996,1517.756,3430.553,3105.994478767023,Costa de Jalisco,12967,1144,3590.70587793262,0,3590.70587793262,11
15,2020,3356.2780000000002,1641.307,1501.9969999999998,2408.3884368185663,NA,NA,NA,NA,0,NA,NA
15,2021,3393.342400348372,1641.307,NA,2819.6908270516196,NA,NA,NA,NA,0,NA,NA
15,2022,3393.342400348372,1641.307,NA,2819.6908270516196,NA,NA,NA,NA,0,NA,NA
15,2023,3393.342400348372,1641.307,NA,2819.6908270516196,NA,NA,NA,NA,0,NA,NA
16,2005,3790.7059999999997,2378.216,4231.115,4230.0543239642275,NA,NA,NA,NA,0,NA,NA
16,2006,3790.706,2378.216,4231.115,4230.054323964229,Armería-Coahuayana,17628,838.3511918,3882,0,3882,0
16,2007,3790.706,2378.216,4231.115,4230.054323964229,Armería-Coahuayana,17628,911.3351795,3882,0,3882,0
16,2008,3790.706,2378.216,4231.115,4230.054323964229,Armería-Coahuayana,17628,908.3526463,3985.5,0,3985.5,0
16,2009,3790.706,2378.216,4231.115,4230.054323964229,Armería-Coahuayana,17628,908,3985.5,0,3985.5,10
16,2010,3790.706,2378.216,4231.115,4230.054323964229,Armería-Coahuayana,17628,908,3985.45,0,3985.45,10
16,2011,3790.706,2404.5015,4231.115,4232.06631061165,Armería-Coahuayana,17628,865.59,3986,0,3986,10
16,2012,3790.706,2404.5015,4231.115,4232.06631061165,Armería-Coahuayana,17628,865.59,3985.5,0,3985.5,10
16,2013,3536.9069999999997,2384.799,3664.4,3666.2836448645967,Armería-Coahuayana,17628,865.59,3985.5,0,3985.5,10
16,2014,3536.907,2384.799,3664.4,3666.2836448645985,Armería-Coahuayana,17628,865.59,3536.9,0,3536.9,10
16,2015,3536.907,2384.799,3664.4,3666.2836448645985,Armería-Coahuayana,17628,865.59,3536.9,0,3536.9,10
16,2016,3479.6600000000003,2432.386,3537.444,3542.648136966757,Armería-Coahuayana,17628,866,3479.65995669515,0,3479.65995669515,10
16,2017,3479.66,2432.386,3537.444,3542.6481369667563,Armería-Coahuayana,17628,866,3479.65995669515,0,3479.65995669515,10
16,2018,3479.6600000000003,2432.386,3537.444,3542.648136966757,Armería-Coahuayana,17628,865.59,3479.65995669515,0,3479.65995669515,10
16,2019,3479.6600000000003,2432.386,3537.444,3542.648136966757,Armería-Coahuayana,17628,866,3479.65995669515,0,3479.65995669515,10
16,2020,3431.3,2433.421,3457.214,3435.2079525305194,NA,NA,NA,NA,0,NA,NA
16,2021,3471.548324318231,2433.421,NA,3524.6925672060056,NA,NA,NA,NA,0,NA,NA
16,2022,3485.307321273512,2433.421,NA,3555.2831212655897,NA,NA,NA,NA,0,NA,NA
16,2023,3501.50306875066,2433.421,NA,3591.291333953281,NA,NA,NA,NA,0,NA,NA
17,2005,1315.91,19.14,1299.3,1299.5273357692456,NA,NA,NA,NA,0,NA,NA
17,2006,1315.9099999999999,19.14,1299.3,1299.5273357692454,Costa de Michoacán,9205,804.7857544,1635.4,0,1635.4,0
17,2007,1315.9099999999999,19.14,1299.3,1299.5273357692454,Costa de Michoacán,9205,890.885923,1635.4,0,1635.4,0
17,2008,1315.91,19.14,1299.3,1299.5273357692456,Costa de Michoacán,9205,888.05415773,1612.4,0,1612.4,0
17,2009,1315.91,19.14,1299.3,1299.5273357692456,Costa de Michoacán,9205,888,1612.4,0,1612.4,6
17,2010,1315.91,19.14,1299.3,1299.5273357692456,Costa de Michoacán,9205,888,1612.43,0,1612.43,6
17,2011,1315.91,22.310200000000002,1299.3,1298.3471646247085,Costa de Michoacán,9205,943.78,1612,0,1612,6
17,2012,1315.9099999999999,22.310200000000002,1299.3,1298.3471646247083,Costa de Michoacán,9205,943.78,1612.4,0,1612.4,6
17,2013,1301.5449999999998,19.221,1285.0040000000001,1284.3691501915566,Costa de Michoacán,9205,943.78,1612.4,0,1612.4,6
17,2014,1301.5449999999998,19.221,1285.0040000000001,1284.3691501915566,Costa de Michoacán,9205,943.78,1616.6,0,1616.6,6
17,2015,1301.545,19.221,1285.0040000000001,1284.3691501915569,Costa de Michoacán,9205,943.78,1616.6,0,1616.6,6
17,2016,1279.959,24.978,1257.991,1259.493397814193,Costa de Michoacán,9205,944,1612.06372078475,0,1612.06372078475,6
17,2017,1279.9589999999998,24.978,1257.991,1259.4933978141928,Costa de Michoacán,9205,944,1612.06372078475,0,1612.06372078475,6
17,2018,1279.959,24.978,1257.991,1259.493397814193,Costa de Michoacán,9205,943.78,1612.06372078475,0,1612.06372078475,6
17,2019,1279.9589999999998,24.978,1257.991,1259.4933978141928,Costa de Michoacán,9205,944,1612.06372078475,0,1612.06372078475,6
17,2020,1262.9569999999999,27.247,1244.307,1240.7436143036807,NA,NA,NA,NA,0,NA,NA
17,2021,1271.8276858121383,27.247,NA,1250.0854880284144,NA,NA,NA,NA,0,NA,NA
17,2022,1271.8276858121383,27.247,NA,1250.0854880284144,NA,NA,NA,NA,0,NA,NA
17,2023,1271.8276858121383,27.247,NA,1250.0854880284144,NA,NA,NA,NA,0,NA,NA
18,2005,17056.5,30983.010000000002,10859.5,8836.188945404416,NA,NA,NA,NA,0,NA,NA
18,2006,17056.5,30983.010000000002,10859.5,8836.188945404416,Balsas,118268,1039.446896,17056.5,0,17056.5,0
18,2007,17056.5,30983.010000000002,10859.5,8836.188945404416,Balsas,118268,949.6687293,17056.5,0,17056.5,15
18,2008,17056.5,30983.010000000002,10859.5,8836.188945404416,Balsas,118268,951.61249435,17056.5,0,17056.5,15
18,2009,17056.5,30983.010000000002,10859.5,8836.188945404416,Balsas,118268,952,17056.5,0,17056.5,15
18,2010,17056.5,30983.010000000002,10859.5,8836.188945404416,Balsas,118268,952,17056.5,0,17056.5,15
18,2011,17056.5,31679.052833333335,10859.5,9082.465062609368,Balsas,118268,947.02,17057,0,17057,15
18,2012,17056.5,31679.052833333335,10859.5,9082.465062609368,Balsas,118268,947.02,17056.5,0,17056.5,15
18,2013,16805.277,34433.557,8990.281,9782.98502956821,Balsas,118268,947.02,17056.5,0,17056.5,15
18,2014,16805.277000000002,34433.557,8990.281,9782.985029568214,Balsas,118268,947.02,16805.3,0,16805.3,15
18,2015,16805.277000000002,34433.557,8990.281,9782.985029568214,Balsas,118268,947.02,16805.3,0,16805.3,15
18,2016,16797.683999999997,30372.718,5577.79,8337.881832827183,Balsas,118268,947,16797.6849794084,0,16797.6849794084,15
18,2017,16797.684,30372.718,5577.79,8337.881832827186,Balsas,118268,947,16797.6849794084,0,16797.6849794084,15
18,2018,16797.684,30372.718,5577.79,8337.881832827186,Balsas,118268,947.02,16797.6849794084,0,16797.6849794084,15
18,2019,16797.684,30372.718,5577.79,8337.881832827186,Balsas,118268,947,16797.6849794084,0,16797.6849794084,15
18,2020,18574.815,31425.051,8373.637999999999,10649.094782341384,NA,NA,NA,NA,0,NA,NA
18,2021,12063102115384446e5,31425.051,NA,13161001732188395e5,NA,NA,NA,NA,0,NA,NA
18,2022,3179151004432737e25,31425.051,NA,34684952076188466e24,NA,NA,NA,NA,0,NA,NA
18,2023,8898410124372758e51,31425.051,NA,970828149678316e52,NA,NA,NA,NA,0,NA,NA
19,2005,5073.62,164.34,7894.51,7963.1958667103645,NA,NA,NA,NA,0,NA,NA
19,2006,5073.62,164.34,7894.51,7963.1958667103645,Costa Grande de Guerrero,12132,1112.400398,6090.7,0,6090.7,0
19,2007,5073.62,164.34,7894.51,7963.1958667103645,Costa Grande de Guerrero,12132,1232.03105,6090.7,0,6090.7,28
19,2008,5073.62,164.34,7894.51,7963.1958667103645,Costa Grande de Guerrero,12132,1234.16445626,6090.7,0,6090.7,28
19,2009,5073.62,164.34,7894.51,7963.1958667103645,Costa Grande de Guerrero,12132,1234,6090.65,0,6090.65,28
19,2010,5073.62,164.34,7894.51,7963.1958667103645,Costa Grande de Guerrero,12132,1234,6090.65,0,6090.65,28
19,2011,5073.62,165.86541666666668,7894.51,7669.300802616894,Costa Grande de Guerrero,12132,1214.64,6091,0,6091,28
19,2012,5073.62,165.86541666666668,7894.51,7669.300802616894,Costa Grande de Guerrero,12132,1214.64,6090.7,0,6090.7,28
19,2013,4186.591,165.09799999999998,7060.53,6910.595218411214,Costa Grande de Guerrero,12132,1214.64,6090.7,0,6090.7,28
19,2014,4186.591,165.09799999999998,7060.53,6910.595218411214,Costa Grande de Guerrero,12132,1214.64,5113.4,0,5113.4,28
19,2015,4186.591,165.09799999999998,7060.53,6910.595218411214,Costa Grande de Guerrero,12132,1214.64,5113.4,0,5113.4,28
19,2016,4254.988,164.4,7008.824,7114.9787062001415,Costa Grande de Guerrero,12132,1215,5171.322623458,0,5171.322623458,28
19,2017,4254.988,164.4,7008.824,7114.9787062001415,Costa Grande de Guerrero,12132,1215,5171.322623458,0,5171.322623458,28
19,2018,4254.988,164.4,7008.824,7114.9787062001415,Costa Grande de Guerrero,12132,1214.64,5171.322623458,0,5171.322623458,28
19,2019,4254.988,164.4,7008.824,7114.9787062001415,Costa Grande de Guerrero,12132,1215,5171.322623458,0,5171.322623458,28
19,2020,4264.296,180.131,4030.183,4093.6717144699287,NA,NA,NA,NA,0,NA,NA
19,2021,4272.224149259791,180.131,NA,4101.774431483398,NA,NA,NA,NA,0,NA,NA
19,2022,4295.776619062191,180.131,NA,4125.8454966870995,NA,NA,NA,NA,0,NA,NA
19,2023,4313.077346183256,180.131,NA,4143.5271637944825,NA,NA,NA,NA,0,NA,NA
20,2005,16542.05,2605,35133.58,35590.022710963916,NA,NA,NA,NA,0,NA,NA
20,2006,16542.05,2605,35133.58,35590.022710963916,Costa Chica de Guerrero,39936,1350.335098,18713.6,0,18713.6,0
20,2007,16542.05,2605,35133.58,35590.022710963916,Costa Chica de Guerrero,39936,1393.125366,18713.6,0,18713.6,32
20,2008,16542.05,2605,35133.58,35590.022710963916,Costa Chica de Guerrero,39936,1390.896794,18713.6,0,18713.6,32
20,2009,16542.05,2605,35133.58,35590.022710963916,Costa Chica de Guerrero,39936,1391,18713.55,0,18713.55,32
20,2010,16542.05,2605,35133.58,35590.022710963916,Costa Chica de Guerrero,39936,1391,18713.55,0,18713.55,32
20,2011,NA,8042.223166666666,35133.58,NA,Costa Chica de Guerrero,39936,1281.77,18714,0,18714,32
20,2012,16542.05,8042.223166666666,35133.58,27205.740393249755,Costa Chica de Guerrero,39936,1281.77,18713.6,0,18713.6,32
20,2013,16291.166000000001,10707.192,29439.855,31253.721734498802,Costa Chica de Guerrero,39936,1281.77,18713.6,0,18713.6,32
20,2014,16291.166,10707.192,29439.855,31253.721734498802,Costa Chica de Guerrero,39936,1281.77,18170.3,0,18170.3,32
20,2015,16291.166,10707.192,29439.855,31253.721734498802,Costa Chica de Guerrero,39936,1281.77,18170.3,0,18170.3,32
20,2016,16393.336,10759.909,29536.791999999998,27850.409880868596,Costa Chica de Guerrero,39936,1282,18259.6506658286,0,18259.6506658286,32
20,2017,16393.336,10759.909,29536.791999999998,27850.409880868596,Costa Chica de Guerrero,39936,1282,18259.6506658286,0,18259.6506658286,32
20,2018,16393.336,10759.909,29536.791999999998,27850.409880868596,Costa Chica de Guerrero,39936,1281.77,18259.6506658286,0,18259.6506658286,32
20,2019,16393.336,10759.909,29536.791999999998,27850.409880868596,Costa Chica de Guerrero,39936,1282,18259.6506658286,0,18259.6506658286,32
20,2020,16597.81,10925.466,14453.607,20946.71861399282,NA,NA,NA,NA,0,NA,NA
20,2021,6873965990803607e9,10925.466,NA,-22350457359872674e10,NA,NA,NA,NA,0,NA,NA
20,2022,5659343965066238e31,10925.466,NA,-18401156791478162e32,NA,NA,NA,NA,0,NA,NA
20,2023,27888504562349103e61,10925.466,NA,-9067848646404612e63,NA,NA,NA,NA,0,NA,NA
21,2005,2908.02,6.591,3377.946,3363.9426757541755,NA,NA,NA,NA,0,NA,NA
21,2006,2908.02,6.591,3377.946,3363.9426757541755,Costa de Oaxaca,10514,1522.676193,3389.2,0,3389.2,0
21,2007,2908.02,6.591,3377.946,3363.9426757541755,Costa de Oaxaca,10514,971.1977275,3389.2,0,3389.2,19
21,2008,2908.0199999999995,6.591,3377.946,3363.9426757541746,Costa de Oaxaca,10514,966.54612108,3389.2,0,3389.2,19
21,2009,2908.02,6.591,3377.946,3363.9426757541755,Costa de Oaxaca,10514,967,3389.2,0,3389.2,19
21,2010,2908.02,6.591,3377.946,3363.9426757541755,Costa de Oaxaca,10514,967,3389.22,0,3389.22,19
21,2011,2908.02,9.973416666666667,3377.94,3397.81201117839,Costa de Oaxaca,10514,950.52,3389,0,3389,19
21,2012,2908.02,9.973416666666667,3377.94,3397.81201117839,Costa de Oaxaca,10514,950.52,3389.2,0,3389.2,19
21,2013,2296.507,8.365,2621.043,2651.661730343057,Costa de Oaxaca,10514,950.52,3389.2,0,3389.2,19
21,2014,2296.507,8.365,2621.043,2651.661730343057,Costa de Oaxaca,10514,950.52,2891.9,0,2891.9,19
21,2015,2296.507,8.365,2621.043,2651.661730343057,Costa de Oaxaca,10514,950.52,2891.9,0,2891.9,19
21,2016,2320.757,13.753,2726.484,2734.564141251043,Costa de Oaxaca,10514,951,2894.43417483054,0,2894.43417483054,19
21,2017,2320.757,13.753,2726.484,2734.564141251043,Costa de Oaxaca,10514,951,2894.43417483054,0,2894.43417483054,19
21,2018,2320.757,13.753,2726.484,2734.564141251043,Costa de Oaxaca,10514,950.52,2894.43417483054,0,2894.43417483054,19
21,2019,2320.7569999999996,13.753,2726.484,2734.564141251042,Costa de Oaxaca,10514,951,2894.43417483054,0,2894.43417483054,19
21,2020,1967.455,13.21,2387.244,2307.343167084817,NA,NA,NA,NA,0,NA,NA
21,2021,2214.8607804062776,13.21,NA,2602.7044476296664,NA,NA,NA,NA,0,NA,NA
21,2022,2241.0888276454175,13.21,NA,2634.0163660740204,NA,NA,NA,NA,0,NA,NA
21,2023,2283.710507328745,13.21,NA,2684.899550248486,NA,NA,NA,NA,0,NA,NA
22,2005,1563.03,289.21,1797.42,1887.6857706995406,NA,NA,NA,NA,0,NA,NA
22,2006,1563.03,289.21,1797.42,1887.6857706995406,Tehuantepec,16363,1522.676193,2606.2,0,2606.2,0
22,2007,1563.03,289.21,1797.42,1887.6857706995406,Tehuantepec,16363,824.8650013,2606.2,0,2606.2,15
22,2008,1563.03,289.21,1797.42,1887.6857706995406,Tehuantepec,16363,821.19897138,2606.2,0,2606.2,15
22,2009,1563.03,289.21,1797.42,1887.6857706995406,Tehuantepec,16363,821,2606.2,0,2606.2,15
22,2010,1563.03,289.21,1797.42,1887.6857706995406,Tehuantepec,16363,821,2606.22,0,2606.22,15
22,2011,1563.03,309.3285,1797.42,1877.7579705653477,Tehuantepec,16363,883.75,2606,0,2606,15
22,2012,1563.03,309.3285,1797.42,1877.7579705653477,Tehuantepec,16363,883.75,2606.2,0,2606.2,15
22,2013,1460.119,225.259,1681.507,1639.4212899152756,Tehuantepec,16363,883.75,2606.2,0,2606.2,15
22,2014,1460.1190000000001,225.259,1681.507,1639.421289915276,Tehuantepec,16363,883.75,2453.1,0,2453.1,15
22,2015,1460.119,225.259,1681.507,1639.4212899152756,Tehuantepec,16363,883.75,2453.1,0,2453.1,15
22,2016,1515.6599999999999,190.418,1933.246,1807.6339735087977,Tehuantepec,16363,884,2574.76431926551,0,2574.76431926551,15
22,2017,1515.66,190.418,1933.246,1807.6339735087986,Tehuantepec,16363,884,2574.76431926551,0,2574.76431926551,15
22,2018,1515.6599999999999,190.418,1933.246,1807.6339735087977,Tehuantepec,16363,883.75,2574.76431926551,0,2574.76431926551,15
22,2019,1515.66,190.418,1933.246,1807.6339735087986,Tehuantepec,16363,884,2574.76431926551,0,2574.76431926551,15
22,2020,2063.187,1117.653,2912.404,2838.8386708910602,NA,NA,NA,NA,0,NA,NA
22,2021,1912.9815467663998,1117.653,NA,2430.4196368707044,NA,NA,NA,NA,0,NA,NA
22,2022,2018.1227912837899,1117.653,NA,2716.305965209979,NA,NA,NA,NA,0,NA,NA
22,2023,2150.072903489024,1117.653,NA,3075.087462190171,NA,NA,NA,NA,0,NA,NA
23,2005,9056.89,670.02,11643.98,9793.121084772256,NA,NA,NA,NA,0,NA,NA
23,2006,9056.89,670.02,11643.98,11166.825056954931,Costa de Chiapas,12293,1968.882747,9603.8,2950,12553.8,0
23,2007,9056.89,670.02,11643.98,11166.825056954931,Costa de Chiapas,12293,2352.665865,9603.8,2950,12553.8,25
23,2008,9056.89,670.02,11643.98,11166.825056954931,Costa de Chiapas,12293,2347.31760854,9603.8,2950,12553.8,25
23,2009,9056.89,670.02,11643.98,11166.825056954931,Costa de Chiapas,12293,2347,9603.8,2950,12553.8,25
23,2010,12071.529999999999,648.9399999999999,13199.16,13747.418108632226,Costa de Chiapas,12293,2347,12617.26,1586,14203.26,25
23,2011,12071.53,902.8674166666667,13199.16,13407.405801870289,Costa de Chiapas,12293,2220.31,12617,1586,14203,25
23,2012,12071.53,902.8674166666667,13199.16,13407.405801870289,Costa de Chiapas,12293,2220.31,12617.3,1586,14203.3,25
23,2013,12071.534,648.942,13199.128,13747.419660005356,Costa de Chiapas,12293,2220.31,12617.3,1586,14203.3,25
23,2014,12071.534,648.942,13199.128,13747.419660005356,Costa de Chiapas,12293,2220.31,12617.3,1586,14203.3,25
23,2015,12071.534,648.942,13199.128,13747.419660005356,Costa de Chiapas,12293,2220.31,12617.3,1586,14203.3,25
23,2016,12025.442000000001,1204.319,12983.122,12955.026827208914,Costa de Chiapas,12293,2220,12551.0137247528,1586,14137.0137247528,25
23,2017,12025.442000000001,1204.319,12983.122,12955.026827208914,Costa de Chiapas,12293,2220,12551.0137247528,1586,14137.0137247528,25
23,2018,12025.442000000001,1204.319,12983.122,12955.026827208914,Costa de Chiapas,12293,2220.31,12551.0137247528,1586,14137.0137247528,25
23,2019,2890.0310000000004,658.131,3002.31,4027.0517389300676,Costa de Chiapas,12293,2220,12551.0137247528,1586,14137.0137247528,25
23,2020,2860.8269999999998,700.898,2990.969,3200.366774462363,NA,NA,NA,NA,0,NA,NA
23,2021,2973.3787058250987,700.898,NA,3319.37333932941,NA,NA,NA,NA,0,NA,NA
23,2022,3021.8393623840498,700.898,NA,3370.613222599101,NA,NA,NA,NA,0,NA,NA
23,2023,3220.407446112768,700.898,NA,3580.569218943648,NA,NA,NA,NA,0,NA,NA
24,2005,30237.841000000004,43111.853500000005,-12202.8,-12204.968504627002,NA,NA,NA,NA,0,NA,NA
24,2006,30237.841,43111.853500000005,-12202.8,-11687.542260099872,Bravo-Conchos,229740,431.6703067,5587.7,-432,5155.7,0
24,2007,30237.841,43111.853500000005,-12202.8,-11687.542260099872,Bravo-Conchos,229740,448.5492372,5587.7,-432,5155.7,0
24,2008,30237.841,43111.853500000005,-12202.8,-11687.542260099872,Bravo-Conchos,229740,453.25919441,5587.7,-432,5155.7,37
24,2009,30237.841000000004,43111.853500000005,-12202.8,-11687.542260099814,Bravo-Conchos,229740,453,5587.7,-432,5155.7,37
24,2010,30237.841,43111.853500000005,-12202.8,-11688.740006036278,Bravo-Conchos,229740,453,5587.7,-431,5155.98,37
24,2011,30237.841,43111.853500000005,-12202.8,-11687.542260099872,Bravo-Conchos,229740,399.33,5588,-432,5156,37
24,2012,30237.841,43111.853500000005,-12202.8,-11687.542260099872,Bravo-Conchos,229740,399.33,5587.7,-432,5155.7,37
24,2013,57764.565,81230.27500000001,-10139.255,-10140.382179637469,Bravo-Conchos,229740,399.33,5587.7,-432,5155.7,37
24,2014,57764.565,81230.27500000001,-10139.255,-10140.382179637469,Bravo-Conchos,229740,399.33,5587.7,-432,5155.7,37
24,2015,57764.565,81230.27500000001,-10139.255,-10140.382179637469,Bravo-Conchos,229740,399.33,5587.7,-432,5155.7,37
24,2016,30203.775250000002,43064.34325,-10786.109428571428,-11686.368163761304,Bravo-Conchos,229740,399,5671.81489225704,-432,5239.81489225704,37
24,2017,30203.775250000002,43064.34325,-10786.109428571428,-11686.368163761304,Bravo-Conchos,229740,399,5671.81489225704,-432,5239.81489225704,37
24,2018,30203.775250000002,43064.34325,-10786.109428571428,-11686.368163761304,Bravo-Conchos,229740,399.33,5671.81489225704,-432,5239.81489225704,37
24,2019,30203.775250000002,43064.34325,-10786.109428571428,-11686.368163761304,Bravo-Conchos,229740,399,5671.81489225704,-432,5239.81489225704,37
24,2020,0,0,-2538.853,-2537.874449061812,NA,NA,NA,NA,0,NA,NA
24,2021,15047.542337953464,0,NA,189451.26564759514,NA,NA,NA,NA,0,NA,NA
24,2022,15232.921318295219,0,NA,191816.485842925,NA,NA,NA,NA,0,NA,NA
24,2023,15408.438415031995,0,NA,194055.87987272363,NA,NA,NA,NA,0,NA,NA
25,2005,3557.23,2718.13,3577.03,3669.784056582354,NA,NA,NA,NA,0,NA,NA
25,2006,3557.23,2718.13,3577.03,3669.784056582354,San Fernando-Soto la Marina,54961,731.3469868,4328.2,0,4328.2,0
25,2007,3557.23,2718.13,3577.03,3669.784056582354,San Fernando-Soto la Marina,54961,758.5132426,4328.2,0,4328.2,45
25,2008,3557.23,2718.13,3577.03,3669.784056582354,San Fernando-Soto la Marina,54961,757.31710524,4328.2,0,4328.2,45
25,2009,3557.23,2718.13,3577.03,3669.784056582354,San Fernando-Soto la Marina,54961,757,4328.2,0,4328.2,45
25,2010,3557.23,2718.13,3577.03,3669.784056582354,San Fernando-Soto la Marina,54961,757,4841.66,0,4841.66,45
25,2011,3557.23,2231.2460833333334,3577.03,3416.077423213058,San Fernando-Soto la Marina,54961,702.57,4842,0,4842,45
25,2012,3557.23,2231.2460833333334,3577.03,3416.077423213058,San Fernando-Soto la Marina,54961,702.57,4841.7,0,4841.7,45
25,2013,3472.491,2115.437,3499.167,3389.471074479331,San Fernando-Soto la Marina,54961,702.57,4841.68,0,4841.68,45
25,2014,3472.491,2115.437,3499.167,3389.471074479331,San Fernando-Soto la Marina,54961,702.57,4863.7,0,4863.7,45
25,2015,3472.491,2115.437,3499.167,3389.471074479331,San Fernando-Soto la Marina,54961,702.57,4863.7,0,4863.7,45
25,2016,3304.95,2190.3540000000003,3526.272,3495.2172163439186,San Fernando-Soto la Marina,54961,703,4713.17089137494,0,4713.17089137494,45
25,2017,3304.95,2190.3540000000003,3526.272,3495.2172163439186,San Fernando-Soto la Marina,54961,703,4713.17089137494,0,4713.17089137494,45
25,2018,3304.95,2190.3540000000003,3526.272,3495.2172163439186,San Fernando-Soto la Marina,54961,702.57,4713.17089137494,0,4713.17089137494,45
25,2019,3304.95,2190.3540000000003,3526.272,3495.2172163439186,San Fernando-Soto la Marina,54961,703,4713.17089137494,0,4713.17089137494,45
25,2020,3286.4120000000003,794.706,2556.663,2775.350725266094,NA,NA,NA,NA,0,NA,NA
25,2021,3295.644343406601,794.706,NA,2771.674770558586,NA,NA,NA,NA,0,NA,NA
25,2022,3291.205484808211,794.706,NA,2773.442148833212,NA,NA,NA,NA,0,NA,NA
25,2023,3290.438886285527,794.706,NA,2773.747378104278,NA,NA,NA,NA,0,NA,NA
26,2005,18767.63,7719.45,64078.25,53047.82401643135,NA,NA,NA,NA,0,NA,NA
26,2006,18767.63,7719.45,64078.25,53047.82401643135,Pánuco,96989,886.3529236,20329.5,0,20329.5,0
26,2007,18767.63,7719.45,64078.25,53047.82401643135,Pánuco,96989,889.1962604,20329.5,0,20329.5,0
26,2008,18767.63,7719.45,64078.25,53047.82401643135,Pánuco,96989,891.7815571,20329.5,0,20329.5,77
26,2009,18767.63,7719.45,64078.25,53047.82401643135,Pánuco,96989,892,20329.5,0,20329.5,77
26,2010,18767.63,7719.45,64078.25,53047.82401643135,Pánuco,96989,892,20329.540000000005,0,20329.540000000005,77
26,2011,18314.72,7741.467090909091,46845.9,47845.6816254187,Pánuco,96989,854.87,19673,0,19673,77
26,2012,18314.72,7741.467090909091,46845.9,47845.6816254187,Pánuco,96989,854.87,19672.9,0,19672.9,77
26,2013,18343.912,7303.4039999999995,46704.814,47363.6726669327,Pánuco,96989,854.87,19672.9,0,19672.9,77
26,2014,18343.912,7303.4039999999995,46704.814,47363.6726669327,Pánuco,96989,854.87,19672.9,0,19672.9,77
26,2015,18343.912,7303.4039999999995,46704.814,47363.6726669327,Pánuco,96989,854.87,19672.9,0,19672.9,77
26,2016,18860.168,7922.759,40819.158,54499.69289943411,Pánuco,96989,855,20223.5635949791,0,20223.5635949791,77
26,2017,18860.168,7922.759,40819.158,54499.69289943411,Pánuco,96989,855,20223.5635949791,0,20223.5635949791,77
26,2018,18860.167999999998,7922.759,40819.158,54499.69289943405,Pánuco,96989,854.87,20223.5635949791,0,20223.5635949791,77
26,2019,18614.319,7096.6410000000005,40807.467,50107.16477579422,Pánuco,96989,855,20223.5635949791,0,20223.5635949791,77
26,2020,18714.615,7569.947,40289.114,52154.22817568001,NA,NA,NA,NA,0,NA,NA
26,2021,18783.137464422533,7569.947,NA,52947.51499633226,NA,NA,NA,NA,0,NA,NA
26,2022,19141.56050254996,7569.947,NA,57096.99027806398,NA,NA,NA,NA,0,NA,NA
26,2023,18757.447221108054,7569.947,NA,52650.098205904855,NA,NA,NA,NA,0,NA,NA
27,2005,14305.726,1954.92,14166.95,14164.705733501658,NA,NA,NA,NA,0,NA,NA
27,2006,14305.726,1954.92,14166.95,14164.705733501658,Norte de Veracruz (Tuxpan-Nautla),26592,1379.522452,16033.7,0,16033.7,0
27,2007,14305.726,1954.92,14166.95,14164.705733501658,Norte de Veracruz (Tuxpan-Nautla),26592,1423.208059,14305.7,0,14305.7,5
27,2008,14305.726,1954.92,14166.95,14164.705733501658,Norte de Veracruz (Tuxpan-Nautla),26592,1427.05915825,14305.7,0,14305.7,5
27,2009,14305.725999999999,1954.92,14166.95,14164.705733501658,Norte de Veracruz (Tuxpan-Nautla),26592,1427,14305.7,0,14305.7,12
27,2010,14305.726,1954.92,14166.95,14164.705733501658,Norte de Veracruz (Tuxpan-Nautla),26592,1427,14305.726,0,14305.726,12
27,2011,14306.973000000002,5112.188033333333,14148.74,14151.204775717957,Norte de Veracruz (Tuxpan-Nautla),26592,1422.32,14307,0,14307,12
27,2012,14306.973,5112.188033333333,14148.74,14151.204775717955,Norte de Veracruz (Tuxpan-Nautla),26592,1422.32,14307,0,14307,12
27,2013,14154.842,5822.024,13994.594,14004.756708179388,Norte de Veracruz (Tuxpan-Nautla),26592,1422.32,14306.97,0,14306.97,12
27,2014,14154.842,5822.024,13994.594,14004.756708179388,Norte de Veracruz (Tuxpan-Nautla),26592,1422.32,14154.8,0,14154.8,12
27,2015,14154.842000000002,5822.024,13994.594,14004.75670817939,Norte de Veracruz (Tuxpan-Nautla),26592,1422.32,14154.8,0,14154.8,12
27,2016,14377.947999999999,6603.6089999999995,14218.948999999999,14211.05745856411,Norte de Veracruz (Tuxpan-Nautla),26592,1422,14377.9479014949,0,14377.9479014949,12
27,2017,14377.947999999999,6603.6089999999995,14218.948999999999,14211.05745856411,Norte de Veracruz (Tuxpan-Nautla),26592,1422,14377.9479014949,0,14377.9479014949,12
27,2018,14377.947999999999,6603.6089999999995,14218.948999999999,14211.05745856411,Norte de Veracruz (Tuxpan-Nautla),26592,1422.32,14377.9479014949,0,14377.9479014949,12
27,2019,14377.948,6603.6089999999995,14218.948999999999,14211.057458564112,Norte de Veracruz (Tuxpan-Nautla),26592,1422,14377.9479014949,0,14377.9479014949,12
27,2020,15020.697,3335.875,14821.431,14831.045088759558,NA,NA,NA,NA,0,NA,NA
27,2021,15226.885895395571,3335.875,NA,15025.06019897099,NA,NA,NA,NA,0,NA,NA
27,2022,16083.880442221085,3335.875,NA,15831.456155135176,NA,NA,NA,NA,0,NA,NA
27,2023,17797.404093327357,3335.875,NA,17443.810105533328,NA,NA,NA,NA,0,NA,NA
28,2005,49823.159999999996,21683.97,121878.01599999999,122572.4934317867,NA,NA,NA,NA,0,NA,NA
28,2006,49823.16,21683.97,121878.01599999999,122572.49343178676,Papaloapan,57355,1475.31298,50887.3,0,50887.3,12
28,2007,49823.16,21683.97,121878.01599999999,122572.49343178676,Papaloapan,57355,1447.054603,49951.4,0,49951.4,12
28,2008,49823.159999999996,21683.97,121878.01599999999,122572.4934317867,Papaloapan,57355,1459.8557693,49951.4,0,49951.4,18
28,2009,49823.16,21683.97,121878.01599999999,122572.49343178676,Papaloapan,57355,1460,49951.4,0,49951.4,18
28,2010,48048.26,20809.079999999998,115077.2,108693.53943323976,Papaloapan,57355,1460,48176.49,0,48176.49,18
28,2011,48048.26,21836.381006493506,115077.2,114807.10616150928,Papaloapan,57355,1440.17,48177,0,48177,18
28,2012,48048.26,21836.381006493506,115077.2,114807.10616150928,Papaloapan,57355,1440.17,48176.5,0,48176.5,18
28,2013,48053.025,20684.128,115158.522,107973.22053797114,Papaloapan,57355,1440.17,48176.5,0,48176.5,18
28,2014,48053.025,20684.128,115158.522,107973.22053797114,Papaloapan,57355,1440.17,48180.9,0,48180.9,18
28,2015,48053.025,20684.128,115158.522,107973.22053797114,Papaloapan,57355,1440.17,48180.9,0,48180.9,18
28,2016,47266.54,23432.418,111582.348,120485.68633892428,Papaloapan,57355,1440,47393.898346327704,0,47393.898346327704,18
28,2017,47266.54,23432.418,111582.348,120485.68633892428,Papaloapan,57355,1440,47393.898346327704,0,47393.898346327704,18
28,2018,47266.54,23432.418,111582.348,120485.68633892428,Papaloapan,57355,1440.17,47393.898346327704,0,47393.898346327704,18
28,2019,38734.089,22390.613,105277.789,72595.10343600679,Papaloapan,57355,1440,47393.898346327704,0,47393.898346327704,18
28,2020,38700.537,20048.683,27514.077999999998,58494.11401811303,NA,NA,NA,NA,0,NA,NA
28,2021,39390.10053126631,20048.683,NA,61863.41404230808,NA,NA,NA,NA,0,NA,NA
28,2022,39595.45014923292,20048.683,NA,62866.77985475582,NA,NA,NA,NA,0,NA,NA
28,2023,40095.209091504614,20048.683,NA,65308.66916580379,NA,NA,NA,NA,0,NA,NA
29,2005,34711.3,215.46,94740.17,95217.83467230246,NA,NA,NA,NA,0,NA,NA
29,2006,34711.3,215.46,94740.17,95217.83467230246,Coatzacoalcos,30217,1680.947132,44141.43,0,44141.43,0
29,2007,34711.3,215.46,94740.17,95217.83467230246,Coatzacoalcos,30217,1953.762452,39481.6,0,39481.6,9
29,2008,34711.3,215.46,94740.17,95217.83467230246,Coatzacoalcos,30217,1946.41585746,39481.6,0,39481.6,15
29,2009,34711.3,215.46,94740.17,95217.83467230246,Coatzacoalcos,30217,1946,39481.6,0,39481.6,15
29,2010,34711.3,215.46,94740.17,95217.83467230246,Coatzacoalcos,30217,1946,39481.58,0,39481.58,15
29,2011,35297.63,248.98916666666665,95916.11,95704.36424920107,Coatzacoalcos,30217,2211.23,40068,0,40068,15
29,2012,35297.630000000005,248.98916666666665,95916.11,95704.3642492011,Coatzacoalcos,30217,2211.23,40068,0,40068,15
29,2013,32387.037,239.871,87141.802,87529.68040763709,Coatzacoalcos,30217,2211.23,40068.01,0,40068.01,15
29,2014,32387.037,239.871,87141.802,87529.68040763709,Coatzacoalcos,30217,2211.23,34700.2,0,34700.2,15
29,2015,32387.037,239.871,87141.802,87529.68040763709,Coatzacoalcos,30217,2211.23,34700.2,0,34700.2,15
29,2016,32371.061999999998,272.733,87578.547,86279.92514010306,Coatzacoalcos,30217,2211,34707.7076879562,0,34707.7076879562,15
29,2017,32371.062,272.733,87578.547,86279.92514010308,Coatzacoalcos,30217,2211,34707.7076879562,0,34707.7076879562,15
29,2018,32371.062,272.733,87578.547,86279.92514010308,Coatzacoalcos,30217,2211.23,34707.7076879562,0,34707.7076879562,15
29,2019,11570.591,193.362,38498.874,28379.932564093593,Coatzacoalcos,30217,2211,34707.7076879562,0,34707.7076879562,15
29,2020,11622.499,214.04899999999998,17365.662,27774.337260469205,NA,NA,NA,NA,0,NA,NA
29,2021,11593.424695722018,214.04899999999998,NA,27689.344773387747,NA,NA,NA,NA,0,NA,NA
29,2022,11594.430363748039,214.04899999999998,NA,27692.2846279718,NA,NA,NA,NA,0,NA,NA
29,2023,11595.27465866695,214.04899999999998,NA,27694.7527429197,NA,NA,NA,NA,0,NA,NA
30,2005,64019.32,49941.71,277236.52,250123.97896914685,NA,NA,NA,NA,0,NA,NA
30,2006,64134.56,49944.47,277244.04,281876.60290978994,Grijalva-Usumacinta,102465,1872.153962,73465.6,44080,117545.6,2
30,2007,64134.56,49944.47,277244.04,281876.60290978994,Grijalva-Usumacinta,102465,1708.923315,73465.6,44080,117545.6,83
30,2008,64134.56,49944.47,277244.04,281876.60290978994,Grijalva-Usumacinta,102465,1708.75468871,73465.6,44080,117545.6,83
30,2009,64134.56,49944.47,277244.04,281876.60290978994,Grijalva-Usumacinta,102465,1709,73465.59,44080,117545.79,83
30,2010,63984.78,49946.9,277082.45,281218.3497500482,Grijalva-Usumacinta,102465,1709,73315.81000000001,44080,117396.01000000001,83
30,2011,63984.78,55828.74806410256,277082.45,282047.96144435724,Grijalva-Usumacinta,102465,1703.11,73316,44080,117396,83
30,2012,63984.78,55828.74806410256,277082.45,282047.96144435724,Grijalva-Usumacinta,102465,1703.11,73315.8,44080,117396,83
30,2013,47245.731,49895.861,214180.093,207608.0725796536,Grijalva-Usumacinta,102465,1703.11,73315.8,44080,117396,83
30,2014,47245.731,49895.861,214180.093,207608.0725796536,Grijalva-Usumacinta,102465,1703.11,59297.4,44080,103377.6,83
30,2015,47245.731,49895.861,214180.093,207608.0725796536,Grijalva-Usumacinta,102465,1703.11,59297.4,44080,103377.6,83
30,2016,49747.416000000005,62370.254,217745.987,220367.66709994202,Grijalva-Usumacinta,102465,1703,61881.0447132629,44080,105961.244713263,83
30,2017,49747.416,62370.254,217745.987,220367.667099942,Grijalva-Usumacinta,102465,1703,61881.0447132629,44080,105961.244713263,83
30,2018,49747.416,62370.254,217745.987,220367.667099942,Grijalva-Usumacinta,102465,1703.11,61881.0447132629,44080,105961.244713263,83
30,2019,10808.240000000002,21636.96,64149.549,43403.39568329043,Grijalva-Usumacinta,102465,1703,61881.0447132629,44080,105961.244713263,83
30,2020,15184.546999999999,22485.539,4408.0380000000005,31520.57903085309,NA,NA,NA,NA,0,NA,NA
30,2021,12828.653167920733,22485.539,NA,21161.505571343663,NA,NA,NA,NA,0,NA,NA
30,2022,12759.335208389935,22485.539,NA,20856.70837502473,NA,NA,NA,NA,0,NA,NA
30,2023,12740.695382351723,22485.539,NA,20774.747412025008,NA,NA,NA,NA,0,NA,NA
31,2005,590.63,0.07100000000000001,1074.471,1074.6091977110716,NA,NA,NA,NA,0,NA,NA
31,2006,590.63,0.07100000000000001,1074.471,1074.6091977110716,Yucatán Oeste,25443,1140.595799,590.6,0,590.6,2
31,2007,590.63,0.07100000000000001,1074.471,1074.6091977110716,Yucatán Oeste,25443,1227.415277,590.6,0,590.6,2
31,2008,590.63,0.07100000000000001,1074.471,1074.6091977110716,Yucatán Oeste,25443,1228.5532973,590.6,0,590.6,2
31,2009,590.63,0.07100000000000001,1074.471,1074.6091977110716,Yucatán Oeste,25443,1229,590.6,0,590.6,2
31,2010,706.76,0.11000000000000001,1298.54,1299.4792718783622,Yucatán Oeste,25443,1229,706.76,0,706.76,2
31,2011,706.76,1.0607692307692307,1298.54,1294.9769483869254,Yucatán Oeste,25443,1175.22,707,0,707,2
31,2012,706.76,1.0607692307692307,1298.54,1294.9769483869254,Yucatán Oeste,25443,1175.22,706.8,0,706.8,2
31,2013,706.76,0.11100000000000002,1298.551,1299.4745364248517,Yucatán Oeste,25443,1175.22,706.8,0,706.8,2
31,2014,706.76,0.11100000000000002,1298.551,1299.4745364248517,Yucatán Oeste,25443,1175.22,706.8,0,706.8,2
31,2015,706.76,0.11100000000000002,1298.551,1299.4745364248517,Yucatán Oeste,25443,1175.22,706.8,0,706.8,2
31,2016,736.2050000000002,2.605,1343.819,1344.7274111726242,Yucatán Oeste,25443,1175,755.928545869693,0,755.928545869693,7
31,2017,736.2050000000002,2.605,1343.819,1344.7274111726242,Yucatán Oeste,25443,1175,755.928545869693,0,755.928545869693,7
31,2018,736.2049999999999,2.605,1343.819,1344.7274111726238,Yucatán Oeste,25443,1175.22,755.928545869693,0,755.928545869693,7
33,2005,592.1,0.02,591.9,591.8999999999985,NA,NA,NA,NA,0,NA,NA
33,2006,592.1,0.02,591.9,591.901629413068,Yucatán Este,38308,1224.221617,1124.8,864,1988.8,1
33,2007,592.1,0.02,591.9,591.901629413068,Yucatán Este,38308,1239.811065,1124.8,864,1988.8,1
33,2008,592.1,0.02,591.9,591.901629413068,Yucatán Este,38308,1243.43766754,1124.8,864,1988.8,1
33,2009,592.1,0.02,591.9,591.901629413068,Yucatán Este,38308,1243,1124.8,864,1989.2,1
33,2010,576.14,0.04,576.1,576.1374218108167,Yucatán Este,38308,1243,1109.14,864,1973.54,1
33,2011,576.14,0.19646153846153847,576.1,575.9729084493478,Yucatán Este,38308,1210.34,1109,864,1973,1
33,2012,576.14,0.19646153846153847,576.1,575.9729084493478,Yucatán Este,38308,1210.34,1108.8,864,1973.2,1
33,2013,576.1399999999999,0.039,576.1,576.1384732728121,Yucatán Este,38308,1210.34,1108.8,864,1973.2,1
33,2014,576.14,0.039,576.1,576.1384732728122,Yucatán Este,38308,1210.34,576.1,864,1440.5,1
33,2015,576.14,0.039,576.1,576.1384732728122,Yucatán Este,38308,1210.34,576.1,864,1440.5,1
33,2016,575.043,0.462,574.58,574.6116079399244,Yucatán Este,38308,1210,1077.81302026597,864,1942.21302026597,6
33,2017,575.043,0.462,574.58,574.6116079399244,Yucatán Este,38308,1210,1077.81302026597,864,1942.21302026597,6
33,2018,575.043,0.462,574.58,574.6116079399244,Yucatán Este,38308,1210.34,1077.81302026597,864,1942.21302026597,6
34,2005,1645.35,213.41,1600.77,1604.9818099408824,NA,NA,NA,NA,0,NA,NA
34,2006,1645.35,213.41,1600.77,1604.9818099408824,Cuencas Cerradas del Norte,90829,422.4611158,1701.3,0,1701.3,0
34,2007,1645.35,213.41,1600.77,1604.9818099408824,Cuencas Cerradas del Norte,90829,407.7611297,1701.3,0,1701.3,0
34,2008,1645.35,213.41,1600.77,1604.9818099408824,Cuencas Cerradas del Norte,90829,404.27511317,1701.3,0,1701.3,0
34,2009,1645.35,213.41,1600.77,1604.9818099408824,Cuencas Cerradas del Norte,90829,404,1701.3,0,1701.3,22
34,2010,1645.35,213.41,1600.77,1604.9818099408824,Cuencas Cerradas del Norte,90829,404,1701.38,0,1701.38,22
34,2011,1645.35,225.3165,1600.77,1587.9975689871787,Cuencas Cerradas del Norte,90829,298.38,1701,0,1701,22
34,2012,1645.35,225.3165,1600.77,1587.9975689871787,Cuencas Cerradas del Norte,90829,298.38,1701.3,0,1701.3,22
34,2013,1217.335,201.39700000000002,1127.23,1126.689044560295,Cuencas Cerradas del Norte,90829,298.38,1701.3,0,1701.3,22
34,2014,1217.335,201.39700000000002,1127.23,1126.689044560295,Cuencas Cerradas del Norte,90829,298.38,1260.6,0,1260.6,22
34,2015,1217.335,201.39700000000002,1127.23,1126.689044560295,Cuencas Cerradas del Norte,90829,298.38,1260.6,0,1260.6,22
34,2016,1208.971,212.803,1100.715,1100.7373902916856,Cuencas Cerradas del Norte,90829,298,1254.94981685585,0,1254.94981685585,22
34,2017,1208.971,212.803,1100.715,1100.7373902916856,Cuencas Cerradas del Norte,90829,298,1254.94981685585,0,1254.94981685585,22
34,2018,1208.971,212.803,1100.715,1100.7373902916856,Cuencas Cerradas del Norte,90829,298.38,1254.94981685585,0,1254.94981685585,22
34,2019,1208.971,212.803,1100.715,1100.7373902916856,Cuencas Cerradas del Norte,90829,298,1254.94981685585,0,1254.94981685585,22
34,2020,1282.64,370.942,958.622,960.4293075327237,NA,NA,NA,NA,0,NA,NA
34,2021,1257.5121543771772,370.942,NA,931.3437344830734,NA,NA,NA,NA,0,NA,NA
34,2022,1266.6117038392506,370.942,NA,941.8764962076859,NA,NA,NA,NA,0,NA,NA
34,2023,1274.7952937104428,370.942,NA,951.3490313617044,NA,NA,NA,NA,0,NA,NA
35,2005,201.03000000000003,0.061,60.29,60.29011060843549,NA,NA,NA,NA,0,NA,NA
35,2006,201.03,0.061,60.29,60.29011060843548,Mapimí,62639,383.740433,952.2,0,952.2,0
35,2007,201.03,0.061,60.29,60.29011060843548,Mapimí,62639,355.7041184,957.4,0,957.4,0
35,2008,201.02999999999997,0.061,60.29,60.29011060843547,Mapimí,62639,360.80386193,957.4,0,957.4,6
35,2009,201.03000000000003,0.061,60.29,60.29011060843549,Mapimí,62639,361,957.4,0,957.4,6
35,2010,201.03,0.061,60.29,60.29011060843548,Mapimí,62639,361,957.39,0,957.39,6
35,2011,201.03,0.062363636363636364,60.29,60.289844850565636,Mapimí,62639,291.76,957,0,957,6
35,2012,154.042,0.062363636363636364,46.194,46.19361181359387,Mapimí,62639,291.76,568.4,0,568.4,6
35,2013,154.042,0.061,46.194,46.19387757146371,Mapimí,62639,291.76,957.4,0,957.4,6
35,2014,154.042,0.061,46.194,46.19387757146371,Mapimí,62639,291.76,568.4,0,568.4,6
35,2015,154.042,0.061,46.194,46.19387757146371,Mapimí,62639,291.76,568.4,0,568.4,6
35,2016,151.741,0.064,45.503,45.50300108032118,Mapimí,62639,292,580.542787084824,0,580.542787084824,6
35,2017,151.741,0.064,45.503,45.50300108032118,Mapimí,62639,292,580.542787084824,0,580.542787084824,6
35,2018,151.741,0.064,45.503,45.50300108032118,Mapimí,62639,291.76,580.542787084823,0,580.542787084823,6
35,2019,151.741,0.064,45.503,45.50300108032118,Mapimí,62639,292,580.542787084823,0,580.542787084823,6
35,2020,55.614000000000004,0.064,16.665,16.665242649551924,NA,NA,NA,NA,0,NA,NA
35,2021,100.47403162217037,0.064,NA,30.123092734510557,NA,NA,NA,NA,0,NA,NA
35,2022,100.46819152701029,0.064,NA,30.121340726714216,NA,NA,NA,NA,0,NA,NA
35,2023,100.46795136819132,0.064,NA,30.121268679921883,NA,NA,NA,NA,0,NA,NA
36,2005,1870.66,1158.27,2604.95,2629.601998573995,NA,NA,NA,NA,0,NA,NA
36,2006,1870.66,1158.27,2604.95,2629.601998573995,Nazas-Aguanaval,93032,464.6095569,2508,0,2508,0
36,2007,1870.66,1158.27,2604.95,2629.601998573995,Nazas-Aguanaval,93032,422.0736565,1911.6,0,1911.6,0
36,2008,1870.66,1158.27,2604.95,2629.601998573995,Nazas-Aguanaval,93032,425.34497283,1911.6,0,1911.6,16
36,2009,1870.66,1158.27,2604.95,2629.601998573995,Nazas-Aguanaval,93032,425,1911.6,0,1911.6,16
36,2010,1870.66,1158.27,2604.95,2629.601998573995,Nazas-Aguanaval,93032,425,1911.59,0,1911.59,16
36,2011,1870.66,1181.247909090909,2604.95,2390.355917137924,Nazas-Aguanaval,93032,393.1,1912,0,1912,16
36,2012,1870.6599999999999,1181.247909090909,2604.95,2390.355917137922,Nazas-Aguanaval,93032,393.1,1911.6,0,1911.6,16
36,2013,2040.951,1172.953,3371.7509999999997,3554.8350191773006,Nazas-Aguanaval,93032,393.1,1911.6,0,1911.6,16
36,2014,2040.951,1172.953,3371.7509999999997,3554.8350191773006,Nazas-Aguanaval,93032,393.1,2084.9,0,2084.9,16
36,2015,2040.9509999999998,1172.953,3371.7509999999997,3554.835019177299,Nazas-Aguanaval,93032,393.1,2084.9,0,2084.9,16
36,2016,2055.651,1185.979,3612.129,3512.273968360194,Nazas-Aguanaval,93032,393,2101.2916823466,0,2101.2916823466,16
36,2017,2055.651,1185.979,3612.129,3512.273968360194,Nazas-Aguanaval,93032,393,2101.2916823466,0,2101.2916823466,16
36,2018,2055.651,1185.979,3612.129,3512.273968360194,Nazas-Aguanaval,93032,393.1,2101.2916823466,0,2101.2916823466,16
36,2019,2055.651,1185.979,3612.129,3512.273968360194,Nazas-Aguanaval,93032,393,2101.2916823466,0,2101.2916823466,16
36,2020,1721.216,1256.142,532.984,664.4282433075059,NA,NA,NA,NA,0,NA,NA
36,2021,1894.4360934044448,1256.142,NA,1761.084811686429,NA,NA,NA,NA,0,NA,NA
36,2022,1921.9693372760582,1256.142,NA,1935.3978035983073,NA,NA,NA,NA,0,NA,NA
36,2023,1950.7867523676637,1256.142,NA,2117.8408846681377,NA,NA,NA,NA,0,NA,NA
37,2005,1234.25,12.489999999999998,367.5,348.268561765872,NA,NA,NA,NA,0,NA,NA
37,2006,1234.25,12.489999999999998,367.5,348.268561765872,El Salado,87801,703.3670433,2636.9,0,2636.9,0
37,2007,1234.25,12.489999999999998,367.5,348.268561765872,El Salado,87801,428.2338764,2636.9,0,2636.9,8
37,2008,1234.25,12.489999999999998,367.5,348.268561765872,El Salado,87801,430.63903479,2636.9,0,2636.9,8
37,2009,1234.25,12.489999999999998,367.5,348.268561765872,El Salado,87801,431,2636.9,0,2636.9,8
37,2010,1347.02,15.03,333.75,361.82170586830904,El Salado,87801,431,2876.16,0,2876.16,8
37,2011,1347.02,19.073,333.75,344.7514181676203,El Salado,87801,392.58,2876,0,2876,8
37,2012,1347.02,19.073,333.75,344.7514181676203,El Salado,87801,392.58,2876.2,0,2876.2,8
37,2013,1347.02,15.028,333.748,361.8301502352151,El Salado,87801,392.58,2876.2,0,2876.2,8
37,2014,1347.02,15.028,333.748,361.8301502352151,El Salado,87801,392.58,2876.2,0,2876.2,8
37,2015,1347.02,15.028,333.748,361.8301502352151,El Salado,87801,392.58,2876.2,0,2876.2,8
37,2016,1342.018,25.105999999999998,329.978,318.20213866887,El Salado,87801,393,2869.01055122299,0,2869.01055122299,8
37,2017,1342.018,25.105999999999998,329.978,318.20213866887,El Salado,87801,393,2869.01055122299,0,2869.01055122299,8
37,2018,1342.018,25.105999999999998,329.978,318.20213866887,El Salado,87801,392.58,2869.01055122299,0,2869.01055122299,8
37,2019,1342.018,25.105999999999998,329.978,318.20213866887,El Salado,87801,393,2869.01055122299,0,2869.01055122299,8
37,2020,107.68,30.868,19.201999999999998,28.141643585961816,NA,NA,NA,NA,0,NA,NA
37,2021,765.3951377403326,30.868,NA,169.7366841772268,NA,NA,NA,NA,0,NA,NA
37,2022,780.4313822947148,30.868,NA,172.97373550210975,NA,NA,NA,NA,0,NA,NA
37,2023,798.6760333129666,30.868,NA,176.9015029401199,NA,NA,NA,NA,0,NA,NA
